station_code,device_id,timestamp,ph,turbidity,tds,temperature
ARK-001,STATION-ARK-001,2026-08-31 18:30:48.888760+00:00,7.03,3.58,211.6,28.0
ARK-002,STATION-ARK-002,2026-08-31 18:30:48.892459+00:00,7.13,4.48,210.7,25.9
ARK-003,STATION-ARK-003,2026-08-31 18:30:48.894780+00:00,7.33,3.13,230.8,26.8
ARK-001,STATION-ARK-001,2026-08-31 18:30:51.437209+00:00,7.1,11.09,308.8,27.1
ARK-002,STATION-ARK-002,2026-08-31 18:30:51.442022+00:00,7.15,12.51,313.7,26.7
ARK-003,STATION-ARK-003,2026-08-31 18:30:51.444143+00:00,6.97,14.91,335.5,27.5
ARK-001,STATION-ARK-001,2026-08-31 18:30:53.968756+00:00,5.32,83.49,1133.5,29.6
ARK-002,STATION-ARK-002,2026-08-31 18:30:53.971996+00:00,5.42,88.13,1112.6,28.7
ARK-003,STATION-ARK-003,2026-08-31 18:30:53.976972+00:00,5.28,83.11,1171.4,29.8
