station,timestamp,pH,turbidity,temperature,specific_conductance,actual_deterioration,predicted_deterioration,prediction_probability
USGS-01649190,2024-01-31 20:55:00+00:00,7.5,7.1,6.3,543,0.0,0,0.011343865655362606
USGS-01649190,2024-01-31 21:00:00+00:00,7.5,6.8,6.3,543,0.0,0,0.015720758587121964
USGS-01649190,2024-01-31 21:05:00+00:00,7.5,6.8,6.3,543,0.0,0,0.02491772174835205
USGS-01649190,2024-01-31 21:10:00+00:00,7.5,6.8,6.3,544,0.0,0,0.026259342208504677
USGS-01649190,2024-01-31 21:15:00+00:00,7.5,6.8,6.3,544,0.0,0,0.017655419185757637
USGS-01649190,2024-01-31 21:20:00+00:00,7.5,6.9,6.3,544,0.0,0,0.019355010241270065
USGS-01649190,2024-01-31 21:25:00+00:00,7.5,6.8,6.4,545,0.0,0,0.009962910786271095
USGS-01649190,2024-01-31 21:30:00+00:00,7.5,6.7,6.4,545,0.0,0,0.014141128398478031
USGS-01649190,2024-01-31 21:35:00+00:00,7.5,6.5,6.4,545,0.0,0,0.021657848730683327
USGS-01649190,2024-01-31 21:40:00+00:00,7.5,6.6,6.4,546,0.0,0,0.029707584530115128
USGS-01649190,2024-01-31 21:45:00+00:00,7.5,6.4,6.4,546,0.0,0,0.03480860963463783
USGS-01649190,2024-01-31 21:50:00+00:00,7.5,6.4,6.4,546,0.0,0,0.04298952594399452
USGS-01649190,2024-01-31 21:55:00+00:00,7.5,6.4,6.4,546,0.0,0,0.03755428269505501
USGS-01649190,2024-01-31 22:00:00+00:00,7.5,6.3,6.4,546,0.0,0,0.020900296047329903
USGS-01649190,2024-01-31 22:05:00+00:00,7.5,6.2,6.4,546,0.0,0,0.012634962797164917
USGS-01649190,2024-01-31 22:10:00+00:00,7.5,6.2,6.4,546,0.0,0,0.01497722789645195
USGS-01649190,2024-01-31 22:15:00+00:00,7.5,6.2,6.4,546,0.0,0,0.012036795727908611
USGS-01649190,2024-01-31 22:20:00+00:00,7.5,6.1,6.4,546,0.0,0,0.013266107998788357
USGS-01649190,2024-01-31 22:25:00+00:00,7.5,6.0,6.4,546,0.0,0,0.013444176875054836
USGS-01649190,2024-01-31 22:30:00+00:00,7.5,6.0,6.4,546,0.0,0,0.0160569678992033
USGS-01649190,2024-01-31 22:35:00+00:00,7.5,5.8,6.4,546,0.0,0,0.01217073854058981
USGS-01649190,2024-01-31 22:40:00+00:00,7.5,5.8,6.3,546,0.0,0,0.012424305081367493
USGS-01649190,2024-01-31 22:45:00+00:00,7.5,5.7,6.3,545,0.0,0,0.02113283984363079
USGS-01649190,2024-01-31 22:50:00+00:00,7.5,5.7,6.3,545,0.0,0,0.009344609454274178
USGS-01649190,2024-01-31 22:55:00+00:00,7.5,5.9,6.3,545,0.0,0,0.014938129112124443
USGS-01649190,2024-01-31 23:00:00+00:00,7.5,5.8,6.3,545,0.0,0,0.02277853898704052
USGS-01649190,2024-01-31 23:05:00+00:00,7.5,5.6,6.3,545,0.0,0,0.020204590633511543
USGS-01649190,2024-01-31 23:10:00+00:00,7.5,5.7,6.3,545,0.0,0,0.017388630658388138
USGS-01649190,2024-01-31 23:15:00+00:00,7.5,5.7,6.3,544,0.0,0,0.01671282760798931
USGS-01649190,2024-01-31 23:20:00+00:00,7.5,6.0,6.3,544,0.0,0,0.01690341904759407
USGS-01649190,2024-01-31 23:25:00+00:00,7.5,6.0,6.3,544,0.0,0,0.02499219961464405
USGS-01649190,2024-01-31 23:30:00+00:00,7.5,5.6,6.3,544,0.0,0,0.035111203789711
USGS-01649190,2024-01-31 23:35:00+00:00,7.5,5.5,6.3,544,0.0,0,0.026715340092778206
USGS-01649190,2024-01-31 23:40:00+00:00,7.5,5.5,6.3,544,0.0,0,0.029581749811768532
USGS-01649190,2024-01-31 23:45:00+00:00,7.5,6.0,6.3,544,0.0,0,0.028477799147367477
USGS-01649190,2024-01-31 23:50:00+00:00,7.5,5.7,6.3,544,0.0,0,0.14517416059970856
USGS-01649190,2024-01-31 23:55:00+00:00,7.5,5.5,6.3,543,0.0,0,0.046731721609830856
USGS-01649190,2024-02-01 00:00:00+00:00,7.5,5.3,6.3,544,0.0,0,0.055004410445690155
USGS-01649190,2024-02-01 00:05:00+00:00,7.5,5.2,6.3,543,0.0,0,0.0727216973900795
USGS-01649190,2024-02-01 00:10:00+00:00,7.5,5.1,6.2,543,0.0,0,0.16265617311000824
USGS-01649190,2024-02-01 00:15:00+00:00,7.5,5.3,6.2,543,0.0,0,0.19976821541786194
USGS-01649190,2024-02-01 00:20:00+00:00,7.5,5.2,6.2,543,0.0,0,0.03212272375822067
USGS-01649190,2024-02-01 00:25:00+00:00,7.5,5.1,6.2,543,0.0,0,0.014020273461937904
USGS-01649190,2024-02-01 00:30:00+00:00,7.5,5.5,6.2,543,0.0,0,0.0269264318048954
USGS-01649190,2024-02-01 00:35:00+00:00,7.5,5.1,6.2,543,0.0,0,0.02233150601387024
USGS-01649190,2024-02-01 00:40:00+00:00,7.5,4.9,6.2,543,0.0,0,0.017004547640681267
USGS-01649190,2024-02-01 00:45:00+00:00,7.5,5.0,6.2,543,0.0,0,0.03884652629494667
USGS-01649190,2024-02-01 00:50:00+00:00,7.5,4.9,6.2,543,0.0,0,0.0250832699239254
USGS-01649190,2024-02-01 00:55:00+00:00,7.5,4.7,6.1,543,0.0,0,0.014664716087281704
USGS-01649190,2024-02-01 01:00:00+00:00,7.5,4.9,6.1,543,0.0,0,0.08177205920219421
USGS-01649190,2024-02-01 01:05:00+00:00,7.5,4.9,6.1,543,0.0,0,0.008992229588329792
USGS-01649190,2024-02-01 01:10:00+00:00,7.5,4.8,6.1,542,0.0,0,0.013169718906283379
USGS-01649190,2024-02-01 01:15:00+00:00,7.5,4.6,6.1,542,0.0,0,0.009745289571583271
USGS-01649190,2024-02-01 01:20:00+00:00,7.5,4.7,6.1,542,0.0,0,0.020878726616501808
USGS-01649190,2024-02-01 01:25:00+00:00,7.5,4.8,6.1,542,0.0,0,0.01788870431482792
USGS-01649190,2024-02-01 01:30:00+00:00,7.5,4.5,6.1,542,0.0,0,0.0160662978887558
USGS-01649190,2024-02-01 01:35:00+00:00,7.5,4.5,6.1,542,0.0,0,0.013874879106879234
USGS-01649190,2024-02-01 01:40:00+00:00,7.5,4.4,6.0,542,0.0,0,0.011439861729741096
USGS-01649190,2024-02-01 01:45:00+00:00,7.5,4.3,6.0,542,0.0,0,0.00980388093739748
USGS-01649190,2024-02-01 01:50:00+00:00,7.5,4.4,6.0,542,0.0,0,0.009950604289770126
USGS-01649190,2024-02-01 01:55:00+00:00,7.5,4.4,6.0,542,0.0,0,0.008236000314354897
USGS-01649190,2024-02-01 02:00:00+00:00,7.5,4.3,6.0,542,0.0,0,0.009323648177087307
USGS-01649190,2024-02-01 02:05:00+00:00,7.5,4.3,6.0,542,0.0,0,0.007297963835299015
USGS-01649190,2024-02-01 02:10:00+00:00,7.5,4.4,5.9,542,0.0,0,0.006939486134797335
USGS-01649190,2024-02-01 02:15:00+00:00,7.5,4.3,5.9,542,0.0,0,0.008635543286800385
USGS-01649190,2024-02-01 02:20:00+00:00,7.5,4.3,5.9,542,0.0,0,0.006265581119805574
USGS-01649190,2024-02-01 02:25:00+00:00,7.5,4.2,5.9,542,0.0,0,0.010200380347669125
USGS-01649190,2024-02-01 02:30:00+00:00,7.5,4.2,5.9,542,0.0,0,0.007597480900585651
USGS-01649190,2024-02-01 02:35:00+00:00,7.5,4.2,5.9,542,0.0,0,0.007297963835299015
USGS-01649190,2024-02-01 02:40:00+00:00,7.5,4.2,5.9,542,0.0,0,0.0066889687441289425
USGS-01649190,2024-02-01 02:45:00+00:00,7.5,4.0,5.8,542,0.0,0,0.010694272816181183
USGS-01649190,2024-02-01 02:50:00+00:00,7.5,4.0,5.8,542,0.0,0,0.009524676017463207
USGS-01649190,2024-02-01 02:55:00+00:00,7.5,4.2,5.8,542,0.0,0,0.012605692259967327
USGS-01649190,2024-02-01 03:00:00+00:00,7.5,4.1,5.8,542,0.0,0,0.012411481700837612
USGS-01649190,2024-02-01 03:05:00+00:00,7.5,3.9,5.8,542,0.0,0,0.011363663710653782
USGS-01649190,2024-02-01 03:10:00+00:00,7.5,3.9,5.8,542,0.0,0,0.013567393645644188
USGS-01649190,2024-02-01 03:15:00+00:00,7.5,4.1,5.8,542,0.0,0,0.015590950846672058
USGS-01649190,2024-02-01 03:20:00+00:00,7.5,3.9,5.7,542,0.0,0,0.009062040597200394
USGS-01649190,2024-02-01 03:25:00+00:00,7.5,4.0,5.7,542,0.0,0,0.012510307133197784
USGS-01649190,2024-02-01 03:30:00+00:00,7.5,3.8,5.7,542,0.0,0,0.010661454871296883
USGS-01649190,2024-02-01 03:35:00+00:00,7.5,3.9,5.7,541,0.0,0,0.01298662181943655
USGS-01649190,2024-02-01 03:40:00+00:00,7.5,3.9,5.7,542,0.0,0,0.010778653435409069
USGS-01649190,2024-02-01 03:45:00+00:00,7.5,3.9,5.7,541,0.0,0,0.011023547500371933
USGS-01649190,2024-02-01 03:50:00+00:00,7.5,3.8,5.7,541,0.0,0,0.013392931781709194
USGS-01649190,2024-02-01 03:55:00+00:00,7.5,3.8,5.6,541,1.0,0,0.013449219055473804
USGS-01649190,2024-02-01 04:00:00+00:00,7.5,6.1,5.6,541,0.0,0,0.020235056057572365
USGS-01649190,2024-02-01 04:05:00+00:00,7.5,5.2,5.6,541,0.0,1,0.4821767807006836
USGS-01649190,2024-02-01 04:10:00+00:00,7.5,4.4,5.6,541,1.0,1,0.6008431315422058
USGS-01649190,2024-02-01 04:15:00+00:00,7.5,5.6,5.6,541,0.0,1,0.6236689686775208
USGS-01649190,2024-02-01 04:20:00+00:00,7.5,5.8,5.6,541,0.0,1,0.5077906847000122
USGS-01649190,2024-02-01 04:25:00+00:00,7.5,4.8,5.5,541,0.0,1,0.4802178144454956
USGS-01649190,2024-02-01 04:30:00+00:00,7.5,4.4,5.5,541,1.0,1,0.370627224445343
USGS-01649190,2024-02-01 04:35:00+00:00,7.5,4.9,5.5,541,0.0,1,0.278631329536438
USGS-01649190,2024-02-01 04:40:00+00:00,7.5,4.2,5.5,541,1.0,1,0.24167977273464203
USGS-01649190,2024-02-01 04:45:00+00:00,7.5,4.7,5.5,541,0.0,1,0.2561984956264496
USGS-01649190,2024-02-01 04:50:00+00:00,7.5,4.0,5.5,541,0.0,1,0.24477261304855347
USGS-01649190,2024-02-01 04:55:00+00:00,7.5,4.2,5.5,541,0.0,0,0.11812076717615128
USGS-01649190,2024-02-01 05:00:00+00:00,7.5,4.1,5.4,541,0.0,0,0.10953250527381897
USGS-01649190,2024-02-01 05:05:00+00:00,7.5,3.8,5.4,541,0.0,0,0.09062651544809341
USGS-01649190,2024-02-01 05:10:00+00:00,7.5,3.8,5.4,541,0.0,0,0.06160794571042061
USGS-01649190,2024-02-01 05:15:00+00:00,7.5,3.9,5.4,541,0.0,0,0.09622924029827118
USGS-01649190,2024-02-01 05:20:00+00:00,7.5,3.8,5.4,541,0.0,0,0.00931857991963625
USGS-01649190,2024-02-01 05:25:00+00:00,7.5,3.9,5.4,540,0.0,0,0.012695766054093838
USGS-01649190,2024-02-01 05:30:00+00:00,7.5,3.8,5.4,541,0.0,0,0.006388750392943621
USGS-01649190,2024-02-01 05:35:00+00:00,7.5,3.8,5.3,540,0.0,0,0.008082853630185127
USGS-01649190,2024-02-01 05:40:00+00:00,7.5,3.7,5.3,540,0.0,0,0.013426334597170353
USGS-01649190,2024-02-01 05:45:00+00:00,7.5,3.7,5.3,540,0.0,0,0.021287351846694946
USGS-01649190,2024-02-01 05:50:00+00:00,7.5,3.6,5.3,540,0.0,0,0.02552647702395916
USGS-01649190,2024-02-01 05:55:00+00:00,7.5,3.5,5.3,540,0.0,0,0.021901465952396393
USGS-01649190,2024-02-01 06:00:00+00:00,7.5,3.7,5.3,540,0.0,0,0.057169359177351
USGS-01649190,2024-02-01 06:05:00+00:00,7.5,3.8,5.3,540,0.0,0,0.038561515510082245
USGS-01649190,2024-02-01 06:10:00+00:00,7.5,3.8,5.2,540,0.0,0,0.009495929814875126
USGS-01649190,2024-02-01 06:15:00+00:00,7.5,3.8,5.2,540,0.0,0,0.009924416430294514
USGS-01649190,2024-02-01 06:20:00+00:00,7.5,3.6,5.2,540,0.0,0,0.007632086984813213
USGS-01649190,2024-02-01 06:25:00+00:00,7.5,3.7,5.2,540,0.0,0,0.031195972114801407
USGS-01649190,2024-02-01 06:30:00+00:00,7.5,3.8,5.2,540,0.0,0,0.028557151556015015
USGS-01649190,2024-02-01 06:35:00+00:00,7.5,3.8,5.2,540,0.0,0,0.014938803389668465
USGS-01649190,2024-02-01 06:40:00+00:00,7.5,3.7,5.1,540,0.0,0,0.007270507048815489
USGS-01649190,2024-02-01 06:45:00+00:00,7.4,3.7,5.1,540,0.0,0,0.02521415241062641
USGS-01649190,2024-02-01 06:50:00+00:00,7.4,3.7,5.1,540,0.0,0,0.02137823775410652
USGS-01649190,2024-02-01 06:55:00+00:00,7.4,3.7,5.1,539,0.0,0,0.028372328728437424
USGS-01649190,2024-02-01 07:00:00+00:00,7.4,3.8,5.1,540,0.0,0,0.018121199682354927
USGS-01649190,2024-02-01 07:05:00+00:00,7.4,3.7,5.1,539,0.0,0,0.016078226268291473
USGS-01649190,2024-02-01 07:10:00+00:00,7.4,3.7,5.1,539,0.0,0,0.028602322563529015
USGS-01649190,2024-02-01 07:15:00+00:00,7.4,3.6,5.0,539,0.0,0,0.033675115555524826
USGS-01649190,2024-02-01 07:20:00+00:00,7.4,3.7,5.0,539,0.0,0,0.034749727696180344
USGS-01649190,2024-02-01 07:25:00+00:00,7.4,3.6,5.0,539,0.0,0,0.03451360762119293
USGS-01649190,2024-02-01 07:30:00+00:00,7.4,3.7,5.0,539,0.0,0,0.029444264248013496
USGS-01649190,2024-02-01 07:35:00+00:00,7.4,3.5,5.0,539,0.0,0,0.04619063064455986
USGS-01649190,2024-02-01 07:40:00+00:00,7.4,3.5,5.0,539,0.0,0,0.06826751679182053
USGS-01649190,2024-02-01 07:45:00+00:00,7.4,3.6,5.0,539,0.0,0,0.14515537023544312
USGS-01649190,2024-02-01 07:50:00+00:00,7.4,3.6,5.0,539,0.0,0,0.06891234964132309
USGS-01649190,2024-02-01 07:55:00+00:00,7.4,3.8,4.9,539,0.0,0,0.056886881589889526
USGS-01649190,2024-02-01 08:00:00+00:00,7.4,3.6,4.9,539,0.0,0,0.03236570954322815
USGS-01649190,2024-02-01 08:05:00+00:00,7.4,3.5,4.9,539,0.0,0,0.07676081359386444
USGS-01649190,2024-02-01 08:10:00+00:00,7.4,3.7,4.9,539,0.0,0,0.1130155697464943
USGS-01649190,2024-02-01 08:15:00+00:00,7.4,3.8,4.9,539,0.0,0,0.07960563153028488
USGS-01649190,2024-02-01 08:20:00+00:00,7.4,3.7,4.9,539,0.0,0,0.04063316062092781
USGS-01649190,2024-02-01 08:25:00+00:00,7.4,4.0,4.9,539,0.0,0,0.0899723544716835
USGS-01649190,2024-02-01 08:30:00+00:00,7.4,3.6,4.8,539,0.0,0,0.028693998232483864
USGS-01649190,2024-02-01 08:35:00+00:00,7.4,3.7,4.8,538,0.0,0,0.09791300445795059
USGS-01649190,2024-02-01 08:40:00+00:00,7.4,3.5,4.8,538,0.0,0,0.11763890087604523
USGS-01649190,2024-02-01 08:45:00+00:00,7.4,3.7,4.8,538,0.0,0,0.12568165361881256
USGS-01649190,2024-02-01 08:50:00+00:00,7.4,3.5,4.8,538,0.0,0,0.06819292157888412
USGS-01649190,2024-02-01 08:55:00+00:00,7.4,3.7,4.8,539,0.0,0,0.10964039713144302
USGS-01649190,2024-02-01 09:00:00+00:00,7.4,3.5,4.8,538,0.0,0,0.1225915476679802
USGS-01649190,2024-02-01 09:05:00+00:00,7.4,3.4,4.7,538,0.0,0,0.05233384668827057
USGS-01649190,2024-02-01 09:10:00+00:00,7.4,3.4,4.7,538,0.0,0,0.10443910956382751
USGS-01649190,2024-02-01 09:15:00+00:00,7.4,3.4,4.7,538,0.0,0,0.03475787863135338
USGS-01649190,2024-02-01 09:20:00+00:00,7.4,3.4,4.7,538,0.0,0,0.04467403143644333
USGS-01649190,2024-02-01 09:25:00+00:00,7.4,3.6,4.7,538,0.0,0,0.056554872542619705
USGS-01649190,2024-02-01 09:30:00+00:00,7.4,3.5,4.7,538,0.0,0,0.10428617149591446
USGS-01649190,2024-02-01 09:35:00+00:00,7.4,3.3,4.7,538,0.0,0,0.10154982656240463
USGS-01649190,2024-02-01 09:40:00+00:00,7.4,3.3,4.6,538,0.0,0,0.05291050672531128
USGS-01649190,2024-02-01 09:45:00+00:00,7.4,3.4,4.6,538,0.0,0,0.11499213427305222
USGS-01649190,2024-02-01 09:50:00+00:00,7.4,3.2,4.6,538,0.0,0,0.046946268528699875
USGS-01649190,2024-02-01 09:55:00+00:00,7.4,3.1,4.6,538,0.0,0,0.0846133902668953
USGS-01649190,2024-02-01 10:00:00+00:00,7.4,3.1,4.6,538,0.0,1,0.26664116978645325
USGS-01649190,2024-02-01 10:05:00+00:00,7.4,3.2,4.6,538,0.0,0,0.09030500054359436
USGS-01649190,2024-02-01 10:10:00+00:00,7.4,3.0,4.6,538,0.0,0,0.08949366211891174
USGS-01649190,2024-02-01 10:15:00+00:00,7.4,3.2,4.6,538,0.0,0,0.1940101683139801
USGS-01649190,2024-02-01 10:20:00+00:00,7.4,3.1,4.5,538,0.0,0,0.08823439478874207
USGS-01649190,2024-02-01 10:25:00+00:00,7.4,3.2,4.5,538,0.0,0,0.10698840022087097
USGS-01649190,2024-02-01 10:30:00+00:00,7.4,3.2,4.5,538,0.0,0,0.09832001477479935
USGS-01649190,2024-02-01 10:35:00+00:00,7.4,3.1,4.5,538,0.0,0,0.08953259885311127
USGS-01649190,2024-02-01 10:40:00+00:00,7.4,3.0,4.5,538,0.0,0,0.08699426800012589
USGS-01649190,2024-02-01 10:45:00+00:00,7.4,3.1,4.5,538,0.0,0,0.15627683699131012
USGS-01649190,2024-02-01 10:50:00+00:00,7.4,2.9,4.5,538,0.0,0,0.09200797975063324
USGS-01649190,2024-02-01 10:55:00+00:00,7.4,3.0,4.5,538,0.0,0,0.17145848274230957
USGS-01649190,2024-02-01 11:00:00+00:00,7.4,2.9,4.4,538,0.0,0,0.08016438037157059
USGS-01649190,2024-02-01 11:05:00+00:00,7.4,2.9,4.4,538,0.0,0,0.08395282179117203
USGS-01649190,2024-02-01 11:10:00+00:00,7.4,2.9,4.4,537,0.0,0,0.07306189835071564
USGS-01649190,2024-02-01 11:15:00+00:00,7.4,2.9,4.4,538,0.0,0,0.04348158836364746
USGS-01649190,2024-02-01 11:20:00+00:00,7.4,2.8,4.4,538,0.0,0,0.04303808882832527
USGS-01649190,2024-02-01 11:25:00+00:00,7.4,2.9,4.4,538,0.0,0,0.08900796622037888
USGS-01649190,2024-02-01 11:30:00+00:00,7.4,2.8,4.4,538,0.0,0,0.06950832158327103
USGS-01649190,2024-02-01 11:35:00+00:00,7.4,2.9,4.3,538,0.0,0,0.06490174680948257
USGS-01649190,2024-02-01 11:40:00+00:00,7.4,2.8,4.3,538,0.0,0,0.08211950957775116
USGS-01649190,2024-02-01 11:45:00+00:00,7.4,2.8,4.3,538,0.0,0,0.07113412022590637
USGS-01649190,2024-02-01 11:50:00+00:00,7.4,2.8,4.3,538,0.0,0,0.07021106034517288
USGS-01649190,2024-02-01 11:55:00+00:00,7.4,2.8,4.3,538,0.0,0,0.05228310823440552
USGS-01649190,2024-02-01 12:00:00+00:00,7.4,2.8,4.3,538,0.0,0,0.043897371739149094
USGS-01649190,2024-02-01 12:05:00+00:00,7.4,2.8,4.3,538,0.0,0,0.056053727865219116
USGS-01649190,2024-02-01 12:10:00+00:00,7.4,2.7,4.3,538,0.0,0,0.04181370511651039
USGS-01649190,2024-02-01 12:15:00+00:00,7.4,2.7,4.2,538,0.0,0,0.056881241500377655
USGS-01649190,2024-02-01 12:20:00+00:00,7.4,2.7,4.2,538,0.0,0,0.07832403481006622
USGS-01649190,2024-02-01 12:25:00+00:00,7.4,2.7,4.2,538,0.0,0,0.04004760459065437
USGS-01649190,2024-02-01 12:30:00+00:00,7.4,2.7,4.2,538,0.0,0,0.04633951187133789
USGS-01649190,2024-02-01 12:35:00+00:00,7.4,2.8,4.2,538,0.0,0,0.04525915905833244
USGS-01649190,2024-02-01 12:40:00+00:00,7.4,2.7,4.2,538,0.0,0,0.0794452577829361
USGS-01649190,2024-02-01 12:45:00+00:00,7.4,2.8,4.2,538,0.0,0,0.10209926217794418
USGS-01649190,2024-02-01 12:50:00+00:00,7.4,2.7,4.2,538,0.0,0,0.09512783586978912
USGS-01649190,2024-02-01 12:55:00+00:00,7.4,2.8,4.2,538,0.0,0,0.11228043586015701
USGS-01649190,2024-02-01 13:00:00+00:00,7.4,2.8,4.2,538,0.0,0,0.0919593945145607
USGS-01649190,2024-02-01 13:05:00+00:00,7.4,2.7,4.1,538,0.0,0,0.0662718266248703
USGS-01649190,2024-02-01 13:10:00+00:00,7.4,2.6,4.1,538,0.0,0,0.07782348990440369
USGS-01649190,2024-02-01 13:15:00+00:00,7.4,2.7,4.1,538,0.0,0,0.07948894798755646
USGS-01649190,2024-02-01 13:20:00+00:00,7.4,2.7,4.1,538,0.0,0,0.0660775825381279
USGS-01649190,2024-02-01 13:25:00+00:00,7.4,2.7,4.1,538,0.0,0,0.07960432022809982
USGS-01649190,2024-02-01 13:30:00+00:00,7.4,2.6,4.1,538,0.0,0,0.049745772033929825
USGS-01649190,2024-02-01 13:35:00+00:00,7.4,2.7,4.1,538,0.0,0,0.10469235479831696
USGS-01649190,2024-02-01 13:40:00+00:00,7.4,2.6,4.1,538,0.0,0,0.10329358279705048
USGS-01649190,2024-02-01 13:45:00+00:00,7.4,2.7,4.1,538,0.0,0,0.10469235479831696
USGS-01649190,2024-02-01 13:50:00+00:00,7.4,2.7,4.1,538,0.0,0,0.11185988038778305
USGS-01649190,2024-02-01 13:55:00+00:00,7.4,2.6,4.1,538,0.0,0,0.10329358279705048
USGS-01649190,2024-02-01 14:00:00+00:00,7.4,2.6,4.1,538,0.0,0,0.0751132220029831
USGS-01649190,2024-02-01 14:05:00+00:00,7.4,2.7,4.1,538,0.0,0,0.09109054505825043
USGS-01649190,2024-02-01 14:10:00+00:00,7.4,2.6,4.1,538,0.0,0,0.08985526859760284
USGS-01649190,2024-02-01 14:15:00+00:00,7.4,2.6,4.1,538,0.0,0,0.0751132220029831
USGS-01649190,2024-02-01 14:20:00+00:00,7.4,2.6,4.1,538,0.0,0,0.09254089742898941
USGS-01649190,2024-02-01 14:25:00+00:00,7.4,2.6,4.1,538,0.0,0,0.04558781161904335
USGS-01649190,2024-02-01 14:30:00+00:00,7.4,2.6,4.1,538,0.0,0,0.04558781161904335
USGS-01649190,2024-02-01 14:35:00+00:00,7.4,2.5,4.1,538,0.0,0,0.03663203865289688
USGS-01649190,2024-02-01 14:40:00+00:00,7.4,2.6,4.1,538,0.0,0,0.09635524451732635
USGS-01649190,2024-02-01 14:45:00+00:00,7.4,2.5,4.2,538,0.0,0,0.05092126131057739
USGS-01649190,2024-02-01 14:50:00+00:00,7.4,2.6,4.2,538,0.0,0,0.07805230468511581
USGS-01649190,2024-02-01 14:55:00+00:00,7.4,2.7,4.2,538,0.0,0,0.07161986827850342
USGS-01649190,2024-02-01 15:00:00+00:00,7.4,2.9,4.2,538,0.0,0,0.09329728782176971
USGS-01649190,2024-02-01 15:05:00+00:00,7.4,2.7,4.2,537,0.0,0,0.13920049369335175
USGS-01649190,2024-02-01 15:10:00+00:00,7.4,2.6,4.2,537,0.0,0,0.13320040702819824
USGS-01649190,2024-02-01 15:15:00+00:00,7.4,2.6,4.3,537,0.0,0,0.08131509274244308
USGS-01649190,2024-02-01 15:20:00+00:00,7.4,2.6,4.3,537,0.0,0,0.05920211225748062
USGS-01649190,2024-02-01 15:25:00+00:00,7.4,2.6,4.3,537,0.0,0,0.03684276342391968
USGS-01649190,2024-02-01 15:30:00+00:00,7.4,2.6,4.4,537,0.0,0,0.02595711126923561
USGS-01649190,2024-02-01 15:35:00+00:00,7.4,2.6,4.4,537,0.0,0,0.02204422652721405
USGS-01649190,2024-02-01 15:40:00+00:00,7.4,2.5,4.4,537,0.0,0,0.020887959748506546
USGS-01649190,2024-02-01 15:45:00+00:00,7.4,2.6,4.4,537,0.0,0,0.053487252444028854
USGS-01649190,2024-02-01 15:50:00+00:00,7.4,2.5,4.5,537,0.0,0,0.046930015087127686
USGS-01649190,2024-02-01 15:55:00+00:00,7.4,2.4,4.5,537,0.0,0,0.04778981953859329
USGS-01649190,2024-02-01 16:00:00+00:00,7.4,2.5,4.5,536,0.0,0,0.07328487187623978
USGS-01649190,2024-02-01 16:05:00+00:00,7.4,2.5,4.6,537,0.0,0,0.03676168993115425
USGS-01649190,2024-02-01 16:10:00+00:00,7.4,2.4,4.6,536,0.0,0,0.05475529283285141
USGS-01649190,2024-02-01 16:15:00+00:00,7.5,2.5,4.6,536,0.0,0,0.06904646754264832
USGS-01649190,2024-02-01 16:20:00+00:00,7.5,2.5,4.6,536,0.0,0,0.04650430381298065
USGS-01649190,2024-02-01 16:25:00+00:00,7.5,2.4,4.7,536,0.0,0,0.04943364858627319
USGS-01649190,2024-02-01 16:30:00+00:00,7.5,2.5,4.7,536,0.0,0,0.030066771432757378
USGS-01649190,2024-02-01 16:35:00+00:00,7.5,2.5,4.7,536,0.0,0,0.03567498177289963
USGS-01649190,2024-02-01 16:40:00+00:00,7.5,2.5,4.7,536,0.0,0,0.041289445012807846
USGS-01649190,2024-02-01 16:45:00+00:00,7.5,2.5,4.8,536,0.0,0,0.03551275655627251
USGS-01649190,2024-02-01 16:50:00+00:00,7.5,2.5,4.8,536,0.0,0,0.027024921029806137
USGS-01649190,2024-02-01 16:55:00+00:00,7.5,2.4,4.9,536,0.0,0,0.030538007616996765
USGS-01649190,2024-02-01 17:00:00+00:00,7.5,2.5,4.9,536,0.0,0,0.03753418102860451
USGS-01649190,2024-02-01 17:05:00+00:00,7.5,2.4,4.9,536,0.0,0,0.03308940306305885
USGS-01649190,2024-02-01 17:10:00+00:00,7.5,2.5,5.0,536,0.0,0,0.05218862369656563
USGS-01649190,2024-02-01 17:15:00+00:00,7.5,2.6,5.0,536,0.0,0,0.04324781522154808
USGS-01649190,2024-02-01 17:20:00+00:00,7.5,2.5,5.0,535,0.0,0,0.034588199108839035
USGS-01649190,2024-02-01 17:25:00+00:00,7.5,2.5,5.1,535,0.0,0,0.036731645464897156
USGS-01649190,2024-02-01 17:30:00+00:00,7.5,2.5,5.1,535,0.0,0,0.052872493863105774
USGS-01649190,2024-02-01 17:35:00+00:00,7.5,2.4,5.1,536,0.0,0,0.03437190130352974
USGS-01649190,2024-02-01 17:40:00+00:00,7.5,2.4,5.2,536,0.0,0,0.041991617530584335
USGS-01649190,2024-02-01 17:45:00+00:00,7.5,2.3,5.2,535,0.0,0,0.052405498921871185
USGS-01649190,2024-02-01 17:50:00+00:00,7.5,2.4,5.2,535,0.0,0,0.04991975799202919
USGS-01649190,2024-02-01 17:55:00+00:00,7.5,2.5,5.3,535,0.0,0,0.05628417059779167
USGS-01649190,2024-02-01 18:00:00+00:00,7.5,2.5,5.3,535,0.0,0,0.03359754756093025
USGS-01649190,2024-02-01 18:05:00+00:00,7.5,2.5,5.4,535,0.0,0,0.028498537838459015
USGS-01649190,2024-02-01 18:10:00+00:00,7.5,2.5,5.4,535,0.0,0,0.020383724942803383
USGS-01649190,2024-02-01 18:15:00+00:00,7.5,2.4,5.4,535,0.0,0,0.025283632799983025
USGS-01649190,2024-02-01 18:20:00+00:00,7.5,2.4,5.5,535,0.0,0,0.029172545298933983
USGS-01649190,2024-02-01 18:25:00+00:00,7.5,2.5,5.5,535,0.0,0,0.04074731469154358
USGS-01649190,2024-02-01 18:30:00+00:00,7.5,2.3,5.5,535,0.0,0,0.043300990015268326
USGS-01649190,2024-02-01 18:35:00+00:00,7.5,2.4,5.5,535,0.0,0,0.038919202983379364
USGS-01649190,2024-02-01 18:40:00+00:00,7.5,2.3,5.6,535,0.0,0,0.03651398420333862
USGS-01649190,2024-02-01 18:45:00+00:00,7.5,2.4,5.6,535,0.0,0,0.03447018563747406
USGS-01649190,2024-02-01 18:50:00+00:00,7.5,2.5,5.7,535,0.0,0,0.0368182472884655
USGS-01649190,2024-02-01 18:55:00+00:00,7.5,2.4,5.7,535,0.0,0,0.04462306201457977
USGS-01649190,2024-02-01 19:00:00+00:00,7.5,2.4,5.7,534,0.0,0,0.027951212599873543
USGS-01649190,2024-02-01 19:05:00+00:00,7.5,2.3,5.7,535,0.0,0,0.030627518892288208
USGS-01649190,2024-02-01 19:10:00+00:00,7.5,2.4,5.7,534,0.0,0,0.045445676892995834
USGS-01649190,2024-02-01 19:15:00+00:00,7.5,2.4,5.8,534,0.0,0,0.0359930582344532
USGS-01649190,2024-02-01 19:20:00+00:00,7.5,2.3,5.8,534,0.0,0,0.045352861285209656
USGS-01649190,2024-02-01 19:25:00+00:00,7.5,2.4,5.8,534,0.0,0,0.05985046178102493
USGS-01649190,2024-02-01 19:30:00+00:00,7.5,2.2,5.8,534,0.0,0,0.04642564803361893
USGS-01649190,2024-02-01 19:35:00+00:00,7.5,2.3,5.9,534,0.0,0,0.04426611214876175
USGS-01649190,2024-02-01 19:40:00+00:00,7.5,2.3,5.9,534,0.0,0,0.021841857582330704
USGS-01649190,2024-02-01 19:45:00+00:00,7.5,2.3,5.9,534,0.0,0,0.02888791635632515
USGS-01649190,2024-02-01 19:50:00+00:00,7.5,2.3,5.9,534,0.0,0,0.025462931022047997
USGS-01649190,2024-02-01 19:55:00+00:00,7.5,2.3,6.0,534,0.0,0,0.02892327308654785
USGS-01649190,2024-02-01 20:00:00+00:00,7.5,2.3,6.0,534,0.0,0,0.01747089810669422
USGS-01649190,2024-02-01 20:05:00+00:00,7.5,2.3,6.0,534,0.0,0,0.01959862746298313
USGS-01649190,2024-02-01 20:10:00+00:00,7.5,2.3,6.0,534,0.0,0,0.021868549287319183
USGS-01649190,2024-02-01 20:15:00+00:00,7.5,2.3,6.0,533,0.0,0,0.02463202364742756
USGS-01649190,2024-02-01 20:20:00+00:00,7.5,2.3,6.0,533,0.0,0,0.0208320040255785
USGS-01649190,2024-02-01 20:25:00+00:00,7.5,2.3,6.1,533,0.0,0,0.021199291571974754
USGS-01649190,2024-02-01 20:30:00+00:00,7.5,2.3,6.1,533,0.0,0,0.02500593103468418
USGS-01649190,2024-02-01 20:35:00+00:00,7.5,2.3,6.1,533,0.0,0,0.022905666381120682
USGS-01649190,2024-02-01 20:40:00+00:00,7.5,2.3,6.1,533,0.0,0,0.02056288532912731
USGS-01649190,2024-02-01 20:45:00+00:00,7.5,2.3,6.2,533,0.0,0,0.02485288493335247
USGS-01649190,2024-02-01 20:50:00+00:00,7.5,2.3,6.2,533,0.0,0,0.01718485727906227
USGS-01649190,2024-02-01 20:55:00+00:00,7.5,2.2,6.2,533,0.0,0,0.025212256237864494
USGS-01649190,2024-02-01 21:00:00+00:00,7.5,2.2,6.2,533,0.0,0,0.029581371694803238
USGS-01649190,2024-02-01 21:05:00+00:00,7.5,2.2,6.2,533,0.0,0,0.04090706259012222
USGS-01649190,2024-02-01 21:10:00+00:00,7.5,2.2,6.3,532,0.0,0,0.03013012371957302
USGS-01649190,2024-02-01 21:15:00+00:00,7.5,2.3,6.3,532,0.0,0,0.03134326636791229
USGS-01649190,2024-02-01 21:20:00+00:00,7.5,2.3,6.3,532,0.0,0,0.05519135296344757
USGS-01649190,2024-02-01 21:25:00+00:00,7.5,2.3,6.3,532,0.0,0,0.054625384509563446
USGS-01649190,2024-02-01 21:30:00+00:00,7.5,2.2,6.4,532,0.0,0,0.04589103162288666
USGS-01649190,2024-02-01 21:35:00+00:00,7.5,2.3,6.4,532,0.0,0,0.04020828753709793
USGS-01649190,2024-02-01 21:40:00+00:00,7.5,2.3,6.4,532,0.0,0,0.03453939035534859
USGS-01649190,2024-02-01 21:45:00+00:00,7.5,2.2,6.4,532,0.0,0,0.03603372350335121
USGS-01649190,2024-02-01 21:50:00+00:00,7.5,2.2,6.4,532,0.0,0,0.037091441452503204
USGS-01649190,2024-02-01 21:55:00+00:00,7.5,2.2,6.4,532,0.0,0,0.02869696356356144
USGS-01649190,2024-02-01 22:00:00+00:00,7.5,2.3,6.4,532,0.0,0,0.036046065390110016
USGS-01649190,2024-02-01 22:05:00+00:00,7.5,2.2,6.4,532,0.0,0,0.030049776658415794
USGS-01649190,2024-02-01 22:10:00+00:00,7.5,2.2,6.4,532,0.0,0,0.02996145375072956
USGS-01649190,2024-02-01 22:15:00+00:00,7.5,2.2,6.4,532,0.0,0,0.024165228009223938
USGS-01649190,2024-02-01 22:20:00+00:00,7.5,2.2,6.4,531,0.0,0,0.02192171849310398
USGS-01649190,2024-02-01 22:25:00+00:00,7.5,2.3,6.4,531,0.0,0,0.02974727936089039
USGS-01649190,2024-02-01 22:30:00+00:00,7.5,2.2,6.4,531,0.0,0,0.06102314218878746
USGS-01649190,2024-02-01 22:35:00+00:00,7.5,2.2,6.4,531,0.0,0,0.04609141871333122
USGS-01649190,2024-02-01 22:40:00+00:00,7.5,2.2,6.3,531,0.0,0,0.043535467237234116
USGS-01649190,2024-02-01 22:45:00+00:00,7.5,2.1,6.3,531,0.0,0,0.02309866063296795
USGS-01649190,2024-02-01 22:50:00+00:00,7.5,2.2,6.3,532,0.0,0,0.03636898472905159
USGS-01649190,2024-02-01 22:55:00+00:00,7.5,2.2,6.3,531,0.0,0,0.03787603974342346
USGS-01649190,2024-02-01 23:00:00+00:00,7.5,2.3,6.3,531,0.0,0,0.04512732848525047
USGS-01649190,2024-02-01 23:05:00+00:00,7.5,2.2,6.3,531,0.0,0,0.039300937205553055
USGS-01649190,2024-02-01 23:10:00+00:00,7.5,2.2,6.3,531,0.0,0,0.025153357535600662
USGS-01649190,2024-02-01 23:15:00+00:00,7.5,2.2,6.2,531,0.0,0,0.023586371913552284
USGS-01649190,2024-02-01 23:20:00+00:00,7.5,2.3,6.2,531,0.0,0,0.024049120023846626
USGS-01649190,2024-02-01 23:25:00+00:00,7.5,2.2,6.2,531,0.0,0,0.04940339922904968
USGS-01649190,2024-02-01 23:30:00+00:00,7.5,2.2,6.2,531,0.0,0,0.0359652042388916
USGS-01649190,2024-02-01 23:35:00+00:00,7.5,2.2,6.2,531,0.0,0,0.033676691353321075
USGS-01649190,2024-02-01 23:40:00+00:00,7.5,2.1,6.2,531,0.0,0,0.028163794428110123
USGS-01649190,2024-02-01 23:45:00+00:00,7.5,2.2,6.2,531,0.0,0,0.0383123904466629
USGS-01649190,2024-02-01 23:50:00+00:00,7.5,2.2,6.2,531,0.0,0,0.027207402512431145
USGS-01649190,2024-02-01 23:55:00+00:00,7.5,2.2,6.1,531,0.0,0,0.02787153609097004
USGS-01649190,2024-02-02 00:00:00+00:00,7.5,2.3,6.1,531,0.0,0,0.023804282769560814
USGS-01649190,2024-02-02 00:05:00+00:00,7.5,2.3,6.1,531,0.0,0,0.03045875020325184
USGS-01649190,2024-02-02 00:10:00+00:00,7.5,2.3,6.1,531,0.0,0,0.030356144532561302
USGS-01649190,2024-02-02 00:15:00+00:00,7.5,2.2,6.1,530,0.0,0,0.04828006029129028
USGS-01649190,2024-02-02 00:20:00+00:00,7.5,2.2,6.1,531,0.0,0,0.023816341534256935
USGS-01649190,2024-02-02 00:25:00+00:00,7.5,2.3,6.1,530,0.0,0,0.03736474737524986
USGS-01649190,2024-02-02 00:30:00+00:00,7.5,2.2,6.1,530,0.0,0,0.05017287656664848
USGS-01649190,2024-02-02 00:35:00+00:00,7.5,2.3,6.1,530,0.0,0,0.06422337889671326
USGS-01649190,2024-02-02 00:40:00+00:00,7.5,2.2,6.1,530,0.0,0,0.04592110589146614
USGS-01649190,2024-02-02 00:45:00+00:00,7.5,2.3,6.1,530,0.0,0,0.04355843365192413
USGS-01649190,2024-02-02 00:50:00+00:00,7.5,2.2,6.1,530,0.0,0,0.029582343995571136
USGS-01649190,2024-02-02 00:55:00+00:00,7.5,2.2,6.0,530,0.0,0,0.028274239972233772
USGS-01649190,2024-02-02 01:00:00+00:00,7.5,2.2,6.0,530,0.0,0,0.02922513149678707
USGS-01649190,2024-02-02 01:05:00+00:00,7.5,2.2,6.0,530,0.0,0,0.027085624635219574
USGS-01649190,2024-02-02 01:10:00+00:00,7.5,2.4,6.0,530,0.0,0,0.031845878809690475
USGS-01649190,2024-02-02 01:15:00+00:00,7.5,2.2,6.0,530,0.0,0,0.07333218306303024
USGS-01649190,2024-02-02 01:20:00+00:00,7.5,2.2,6.0,530,0.0,0,0.02981664426624775
USGS-01649190,2024-02-02 01:25:00+00:00,7.5,2.2,6.0,530,0.0,0,0.024804912507534027
USGS-01649190,2024-02-02 01:30:00+00:00,7.5,2.3,6.0,530,0.0,0,0.03021962381899357
USGS-01649190,2024-02-02 01:35:00+00:00,7.5,2.3,6.0,530,0.0,0,0.02446366474032402
USGS-01649190,2024-02-02 01:40:00+00:00,7.5,2.2,6.0,530,0.0,0,0.02832166478037834
USGS-01649190,2024-02-02 01:45:00+00:00,7.5,2.3,6.0,530,0.0,0,0.042041927576065063
USGS-01649190,2024-02-02 01:50:00+00:00,7.5,2.3,6.0,530,0.0,0,0.026125822216272354
USGS-01649190,2024-02-02 01:55:00+00:00,7.5,2.2,6.0,529,0.0,0,0.036893755197525024
USGS-01649190,2024-02-02 02:00:00+00:00,7.5,2.3,6.0,530,0.0,0,0.029093101620674133
USGS-01649190,2024-02-02 02:05:00+00:00,7.5,2.3,6.0,529,0.0,0,0.02820807695388794
USGS-01649190,2024-02-02 02:10:00+00:00,7.5,2.3,6.0,529,0.0,0,0.03807477653026581
USGS-01649190,2024-02-02 02:15:00+00:00,7.5,2.4,6.0,529,0.0,0,0.04645136743783951
USGS-01649190,2024-02-02 02:20:00+00:00,7.5,2.4,6.0,529,0.0,0,0.030625443905591965
USGS-01649190,2024-02-02 02:25:00+00:00,7.5,2.4,6.0,529,0.0,0,0.021590545773506165
USGS-01649190,2024-02-02 02:30:00+00:00,7.5,2.6,6.0,529,0.0,0,0.031993504613637924
USGS-01649190,2024-02-02 02:35:00+00:00,7.5,2.5,6.0,529,0.0,0,0.03843346983194351
USGS-01649190,2024-02-02 02:40:00+00:00,7.5,2.4,6.0,529,0.0,0,0.0402456596493721
USGS-01649190,2024-02-02 02:45:00+00:00,7.5,2.4,6.0,529,0.0,0,0.03839319199323654
USGS-01649190,2024-02-02 02:50:00+00:00,7.5,2.5,6.0,529,0.0,0,0.03730492666363716
USGS-01649190,2024-02-02 02:55:00+00:00,7.5,2.4,6.0,529,0.0,0,0.027067895978689194
USGS-01649190,2024-02-02 03:00:00+00:00,7.5,2.4,6.0,529,0.0,0,0.023704441264271736
USGS-01649190,2024-02-02 03:05:00+00:00,7.5,2.3,6.0,529,0.0,0,0.03420640900731087
USGS-01649190,2024-02-02 03:10:00+00:00,7.5,2.5,6.0,529,0.0,0,0.03888096660375595
USGS-01649190,2024-02-02 03:15:00+00:00,7.5,2.4,6.0,529,0.0,0,0.028208710253238678
USGS-01649190,2024-02-02 03:20:00+00:00,7.5,2.3,6.0,529,0.0,0,0.028208710253238678
USGS-01649190,2024-02-02 03:25:00+00:00,7.5,2.3,6.0,529,0.0,0,0.02736307680606842
USGS-01649190,2024-02-02 03:30:00+00:00,7.5,2.3,6.0,529,0.0,0,0.026255540549755096
USGS-01649190,2024-02-02 03:35:00+00:00,7.5,2.2,6.0,528,0.0,0,0.03134268894791603
USGS-01649190,2024-02-02 03:40:00+00:00,7.5,2.2,6.0,529,0.0,0,0.019984835758805275
USGS-01649190,2024-02-02 03:45:00+00:00,7.5,2.4,6.0,528,0.0,0,0.034314993768930435
USGS-01649190,2024-02-02 03:50:00+00:00,7.5,2.1,6.0,528,0.0,0,0.056761082261800766
USGS-01649190,2024-02-02 03:55:00+00:00,7.5,2.2,6.0,528,0.0,0,0.09010661393404007
USGS-01649190,2024-02-02 04:00:00+00:00,7.5,2.3,6.0,528,0.0,0,0.07063999027013779
USGS-01649190,2024-02-02 04:05:00+00:00,7.5,2.2,6.0,528,0.0,0,0.040984902530908585
USGS-01649190,2024-02-02 04:10:00+00:00,7.5,2.4,6.1,528,0.0,0,0.039984650909900665
USGS-01649190,2024-02-02 04:15:00+00:00,7.5,2.4,6.1,528,0.0,0,0.039605289697647095
USGS-01649190,2024-02-02 04:20:00+00:00,7.5,2.5,6.1,528,1.0,0,0.05314605310559273
USGS-01649190,2024-02-02 04:25:00+00:00,7.5,3.0,6.1,528,0.0,0,0.053275108337402344
USGS-01649190,2024-02-02 04:30:00+00:00,7.5,2.8,6.1,528,0.0,1,0.2460976392030716
USGS-01649190,2024-02-02 04:35:00+00:00,7.5,2.7,6.1,528,0.0,1,0.2006324827671051
USGS-01649190,2024-02-02 04:40:00+00:00,7.5,2.7,6.1,528,0.0,0,0.09356163442134857
USGS-01649190,2024-02-02 04:45:00+00:00,7.4,2.7,6.1,527,0.0,0,0.0784982219338417
USGS-01649190,2024-02-02 04:50:00+00:00,7.4,2.7,6.1,527,0.0,0,0.040326204150915146
USGS-01649190,2024-02-02 04:55:00+00:00,7.4,2.9,6.1,527,0.0,0,0.06230412796139717
USGS-01649190,2024-02-02 05:00:00+00:00,7.4,2.9,6.1,527,0.0,0,0.06813462823629379
USGS-01649190,2024-02-02 05:05:00+00:00,7.4,2.6,6.1,527,0.0,0,0.07460540533065796
USGS-01649190,2024-02-02 05:10:00+00:00,7.4,2.7,6.1,527,0.0,0,0.07154756784439087
USGS-01649190,2024-02-02 05:15:00+00:00,7.4,2.7,6.1,527,0.0,0,0.07548084110021591
USGS-01649190,2024-02-02 05:20:00+00:00,7.4,2.7,6.1,527,0.0,0,0.04312555491924286
USGS-01649190,2024-02-02 05:25:00+00:00,7.4,2.6,6.1,527,0.0,0,0.04059027135372162
USGS-01649190,2024-02-02 05:30:00+00:00,7.4,2.4,6.1,527,0.0,0,0.037733044475317
USGS-01649190,2024-02-02 05:35:00+00:00,7.4,2.4,6.1,527,0.0,0,0.05842367187142372
USGS-01649190,2024-02-02 05:40:00+00:00,7.4,2.3,6.1,527,0.0,0,0.06485629826784134
USGS-01649190,2024-02-02 05:45:00+00:00,7.4,2.4,6.1,527,0.0,0,0.049102216958999634
USGS-01649190,2024-02-02 05:50:00+00:00,7.4,2.4,6.1,527,0.0,0,0.03648754581809044
USGS-01649190,2024-02-02 05:55:00+00:00,7.4,2.4,6.1,527,0.0,0,0.036272794008255005
USGS-01649190,2024-02-02 06:00:00+00:00,7.4,2.4,6.1,526,0.0,0,0.035056885331869125
USGS-01649190,2024-02-02 06:05:00+00:00,7.4,2.4,6.1,526,0.0,0,0.035105567425489426
USGS-01649190,2024-02-02 06:10:00+00:00,7.4,2.3,6.1,526,0.0,0,0.041521552950143814
USGS-01649190,2024-02-02 06:15:00+00:00,7.4,2.5,6.1,526,0.0,0,0.06446053087711334
USGS-01649190,2024-02-02 06:20:00+00:00,7.4,2.4,6.1,526,1.0,0,0.05359391123056412
USGS-01649190,2024-02-02 06:25:00+00:00,7.4,2.7,6.1,526,0.0,0,0.07947190850973129
USGS-01649190,2024-02-02 06:30:00+00:00,7.4,2.4,6.1,526,0.0,0,0.07944560796022415
USGS-01649190,2024-02-02 06:35:00+00:00,7.4,2.6,6.1,526,0.0,0,0.09915507584810257
USGS-01649190,2024-02-02 06:40:00+00:00,7.4,2.5,6.1,526,0.0,0,0.0702248215675354
USGS-01649190,2024-02-02 06:45:00+00:00,7.4,2.6,6.1,526,0.0,0,0.07146994024515152
USGS-01649190,2024-02-02 06:50:00+00:00,7.4,2.5,6.1,526,0.0,0,0.0363084115087986
USGS-01649190,2024-02-02 06:55:00+00:00,7.4,2.6,6.1,526,0.0,0,0.05309383198618889
USGS-01649190,2024-02-02 07:00:00+00:00,7.4,2.6,6.1,526,0.0,0,0.03395255282521248
USGS-01649190,2024-02-02 07:05:00+00:00,7.4,2.6,6.2,526,0.0,0,0.04786600545048714
USGS-01649190,2024-02-02 07:10:00+00:00,7.4,2.6,6.1,526,0.0,0,0.03133119270205498
USGS-01649190,2024-02-02 07:15:00+00:00,7.4,2.6,6.2,526,0.0,0,0.021436091512441635
USGS-01649190,2024-02-02 07:20:00+00:00,7.4,2.4,6.2,525,0.0,0,0.04705377295613289
USGS-01649190,2024-02-02 07:25:00+00:00,7.4,2.5,6.2,525,0.0,0,0.047910936176776886
USGS-01649190,2024-02-02 07:30:00+00:00,7.4,2.5,6.2,525,0.0,0,0.05566055700182915
USGS-01649190,2024-02-02 07:35:00+00:00,7.4,2.5,6.2,525,0.0,0,0.03589541092514992
USGS-01649190,2024-02-02 07:40:00+00:00,7.4,2.6,6.2,525,0.0,0,0.03041796199977398
USGS-01649190,2024-02-02 07:45:00+00:00,7.4,2.6,6.2,525,0.0,0,0.02952592447400093
USGS-01649190,2024-02-02 07:50:00+00:00,7.4,2.7,6.2,525,0.0,0,0.04641463980078697
USGS-01649190,2024-02-02 07:55:00+00:00,7.4,2.7,6.2,525,0.0,0,0.044629406183958054
USGS-01649190,2024-02-02 08:00:00+00:00,7.4,2.8,6.2,525,0.0,0,0.07698241621255875
USGS-01649190,2024-02-02 08:05:00+00:00,7.4,2.8,6.2,525,0.0,0,0.05280850827693939
USGS-01649190,2024-02-02 08:10:00+00:00,7.4,2.7,6.2,524,0.0,0,0.058741483837366104
USGS-01649190,2024-02-02 08:15:00+00:00,7.4,2.8,6.2,525,0.0,0,0.040721096098423004
USGS-01649190,2024-02-02 08:20:00+00:00,7.4,2.9,6.2,524,0.0,0,0.06496923416852951
USGS-01649190,2024-02-02 08:25:00+00:00,7.4,2.7,6.2,524,0.0,0,0.08250273019075394
USGS-01649190,2024-02-02 08:30:00+00:00,7.4,2.7,6.2,524,0.0,0,0.0679231658577919
USGS-01649190,2024-02-02 08:35:00+00:00,7.4,2.6,6.2,524,0.0,0,0.06630806624889374
USGS-01649190,2024-02-02 08:40:00+00:00,7.4,2.6,6.2,524,0.0,0,0.03514767438173294
USGS-01649190,2024-02-02 08:45:00+00:00,7.4,2.6,6.2,524,0.0,0,0.03282703831791878
USGS-01649190,2024-02-02 08:50:00+00:00,7.4,2.6,6.2,524,0.0,0,0.030210325494408607
USGS-01649190,2024-02-02 08:55:00+00:00,7.4,2.6,6.2,524,0.0,0,0.039544302970170975
USGS-01649190,2024-02-02 09:00:00+00:00,7.4,2.4,6.2,524,0.0,0,0.05523219704627991
USGS-01649190,2024-02-02 09:05:00+00:00,7.4,2.4,6.2,524,0.0,0,0.04386310279369354
USGS-01649190,2024-02-02 09:10:00+00:00,7.4,2.3,6.2,524,0.0,0,0.06582818925380707
USGS-01649190,2024-02-02 09:15:00+00:00,7.4,2.2,6.2,524,0.0,0,0.034683261066675186
USGS-01649190,2024-02-02 09:20:00+00:00,7.4,2.4,6.2,524,0.0,0,0.07699668407440186
USGS-01649190,2024-02-02 09:25:00+00:00,7.4,2.3,6.2,524,0.0,0,0.06647202372550964
USGS-01649190,2024-02-02 09:30:00+00:00,7.4,2.3,6.2,524,0.0,0,0.04483220726251602
USGS-01649190,2024-02-02 09:35:00+00:00,7.4,2.2,6.2,524,0.0,0,0.03409261256456375
USGS-01649190,2024-02-02 09:40:00+00:00,7.4,2.4,6.2,524,0.0,0,0.05007676035165787
USGS-01649190,2024-02-02 09:45:00+00:00,7.4,2.4,6.2,523,0.0,0,0.06933150440454483
USGS-01649190,2024-02-02 09:50:00+00:00,7.4,2.4,6.2,524,0.0,0,0.036238688975572586
USGS-01649190,2024-02-02 09:55:00+00:00,7.4,2.3,6.2,523,0.0,0,0.047982919961214066
USGS-01649190,2024-02-02 10:00:00+00:00,7.4,2.5,6.2,523,1.0,0,0.05257891118526459
USGS-01649190,2024-02-02 10:05:00+00:00,7.4,3.2,6.2,523,0.0,0,0.17657005786895752
USGS-01649190,2024-02-02 10:10:00+00:00,7.4,2.7,6.2,523,0.0,1,0.3038543164730072
USGS-01649190,2024-02-02 10:15:00+00:00,7.4,2.3,6.2,523,0.0,1,0.20409372448921204
USGS-01649190,2024-02-02 10:20:00+00:00,7.4,2.2,6.2,523,0.0,0,0.1381719708442688
USGS-01649190,2024-02-02 10:25:00+00:00,7.4,2.3,6.2,523,0.0,0,0.1345689445734024
USGS-01649190,2024-02-02 10:30:00+00:00,7.4,2.4,6.2,523,0.0,0,0.07300063222646713
USGS-01649190,2024-02-02 10:35:00+00:00,7.4,2.6,6.2,523,0.0,0,0.12335065007209778
USGS-01649190,2024-02-02 10:40:00+00:00,7.4,2.4,6.2,523,0.0,0,0.07413344830274582
USGS-01649190,2024-02-02 10:45:00+00:00,7.4,2.5,6.2,523,0.0,0,0.07917970418930054
USGS-01649190,2024-02-02 10:50:00+00:00,7.4,2.4,6.2,523,0.0,0,0.06300029903650284
USGS-01649190,2024-02-02 10:55:00+00:00,7.4,2.4,6.2,523,0.0,0,0.03602353855967522
USGS-01649190,2024-02-02 11:00:00+00:00,7.4,2.2,6.2,523,0.0,0,0.04390924051403999
USGS-01649190,2024-02-02 11:05:00+00:00,7.4,2.3,6.2,523,0.0,0,0.07186579704284668
USGS-01649190,2024-02-02 11:10:00+00:00,7.4,2.2,6.2,523,0.0,0,0.07099650055170059
USGS-01649190,2024-02-02 11:15:00+00:00,7.4,2.1,6.2,522,0.0,0,0.03877723962068558
USGS-01649190,2024-02-02 11:20:00+00:00,7.4,2.0,6.2,522,0.0,0,0.08476543426513672
USGS-01649190,2024-02-02 11:25:00+00:00,7.4,2.1,6.3,522,0.0,0,0.07964283972978592
USGS-01649190,2024-02-02 11:30:00+00:00,7.4,2.0,6.3,522,0.0,0,0.059492167085409164
USGS-01649190,2024-02-02 11:35:00+00:00,7.4,2.0,6.3,522,0.0,0,0.03856264054775238
USGS-01649190,2024-02-02 11:40:00+00:00,7.4,1.9,6.3,522,0.0,0,0.03635309636592865
USGS-01649190,2024-02-02 11:45:00+00:00,7.4,2.0,6.3,522,0.0,0,0.05193135887384415
USGS-01649190,2024-02-02 11:50:00+00:00,7.4,2.0,6.3,522,0.0,0,0.03613786771893501
USGS-01649190,2024-02-02 11:55:00+00:00,7.4,2.0,6.3,522,0.0,0,0.04028063267469406
USGS-01649190,2024-02-02 12:00:00+00:00,7.4,1.9,6.3,522,0.0,0,0.03654602915048599
USGS-01649190,2024-02-02 12:05:00+00:00,7.4,2.0,6.3,522,0.0,0,0.06951931864023209
USGS-01649190,2024-02-02 12:10:00+00:00,7.4,2.0,6.3,522,0.0,0,0.04862702265381813
USGS-01649190,2024-02-02 12:15:00+00:00,7.4,2.0,6.3,522,0.0,0,0.04621457681059837
USGS-01649190,2024-02-02 12:20:00+00:00,7.4,2.0,6.3,522,0.0,0,0.037068966776132584
USGS-01649190,2024-02-02 12:25:00+00:00,7.4,2.0,6.3,522,0.0,0,0.037068966776132584
USGS-01649190,2024-02-02 12:30:00+00:00,7.4,2.0,6.3,522,0.0,0,0.037068966776132584
USGS-01649190,2024-02-02 12:35:00+00:00,7.4,1.9,6.3,522,0.0,0,0.03510111942887306
USGS-01649190,2024-02-02 12:40:00+00:00,7.4,2.0,6.3,522,0.0,0,0.0666121393442154
USGS-01649190,2024-02-02 12:45:00+00:00,7.4,2.0,6.3,521,0.0,0,0.05034022778272629
USGS-01649190,2024-02-02 12:50:00+00:00,7.4,2.0,6.3,521,0.0,0,0.04424352943897247
USGS-01649190,2024-02-02 12:55:00+00:00,7.4,2.1,6.3,521,0.0,0,0.044466834515333176
USGS-01649190,2024-02-02 13:00:00+00:00,7.4,2.3,6.3,521,0.0,0,0.06598975509405136
USGS-01649190,2024-02-02 13:05:00+00:00,7.4,2.3,6.3,521,0.0,0,0.06472943723201752
USGS-01649190,2024-02-02 13:10:00+00:00,7.4,2.2,6.3,521,0.0,0,0.06566719710826874
USGS-01649190,2024-02-02 13:15:00+00:00,7.4,2.1,6.3,521,0.0,0,0.035818230360746384
USGS-01649190,2024-02-02 13:20:00+00:00,7.4,2.0,6.3,521,0.0,0,0.09088724106550217
USGS-01649190,2024-02-02 13:25:00+00:00,7.4,2.0,6.3,521,0.0,0,0.08673647046089172
USGS-01649190,2024-02-02 13:30:00+00:00,7.4,2.1,6.3,521,0.0,0,0.04660599306225777
USGS-01649190,2024-02-02 13:35:00+00:00,7.4,2.0,6.3,521,0.0,0,0.048410724848508835
USGS-01649190,2024-02-02 13:40:00+00:00,7.4,1.9,6.3,521,0.0,0,0.046373333781957626
USGS-01649190,2024-02-02 13:45:00+00:00,7.4,2.0,6.3,521,0.0,0,0.08468922227621078
USGS-01649190,2024-02-02 13:50:00+00:00,7.4,1.9,6.3,521,0.0,0,0.04179961606860161
USGS-01649190,2024-02-02 13:55:00+00:00,7.4,1.9,6.3,520,0.0,0,0.04534149542450905
USGS-01649190,2024-02-02 14:00:00+00:00,7.4,1.9,6.3,521,0.0,0,0.029652155935764313
USGS-01649190,2024-02-02 14:05:00+00:00,7.4,1.9,6.3,520,0.0,0,0.0513116791844368
USGS-01649190,2024-02-02 14:10:00+00:00,7.4,1.9,6.3,520,0.0,0,0.047723591327667236
USGS-01649190,2024-02-02 14:15:00+00:00,7.4,1.9,6.3,520,0.0,0,0.06025830656290054
USGS-01649190,2024-02-02 14:20:00+00:00,7.4,1.9,6.3,520,0.0,0,0.03601163253188133
USGS-01649190,2024-02-02 14:25:00+00:00,7.4,1.9,6.3,520,0.0,0,0.040447112172842026
USGS-01649190,2024-02-02 14:30:00+00:00,7.4,1.8,6.4,520,0.0,0,0.031077533960342407
USGS-01649190,2024-02-02 14:35:00+00:00,7.4,1.9,6.4,520,0.0,0,0.06180670112371445
USGS-01649190,2024-02-02 14:40:00+00:00,7.4,1.8,6.4,520,0.0,0,0.03629462793469429
USGS-01649190,2024-02-02 14:45:00+00:00,7.4,1.9,6.4,520,0.0,0,0.0657404214143753
USGS-01649190,2024-02-02 14:50:00+00:00,7.4,1.8,6.4,520,0.0,0,0.04185755178332329
USGS-01649190,2024-02-02 14:55:00+00:00,7.4,1.8,6.4,520,0.0,0,0.05435609444975853
USGS-01649190,2024-02-02 15:00:00+00:00,7.4,1.8,6.4,519,0.0,0,0.05104928836226463
USGS-01649190,2024-02-02 15:05:00+00:00,7.5,1.8,6.4,519,0.0,0,0.04862944036722183
USGS-01649190,2024-02-02 15:10:00+00:00,7.5,1.8,6.5,519,0.0,0,0.03073040209710598
USGS-01649190,2024-02-02 15:15:00+00:00,7.5,1.9,6.5,519,0.0,0,0.05273890867829323
USGS-01649190,2024-02-02 15:20:00+00:00,7.5,1.8,6.5,519,0.0,0,0.04956793785095215
USGS-01649190,2024-02-02 15:25:00+00:00,7.5,1.8,6.5,519,0.0,0,0.03324304148554802
USGS-01649190,2024-02-02 15:30:00+00:00,7.5,1.8,6.5,519,0.0,0,0.029538290575146675
USGS-01649190,2024-02-02 15:35:00+00:00,7.5,1.8,6.5,519,0.0,0,0.022783497348427773
USGS-01649190,2024-02-02 15:40:00+00:00,7.5,1.8,6.6,519,0.0,0,0.014286888763308525
USGS-01649190,2024-02-02 15:45:00+00:00,7.5,1.8,6.6,519,0.0,0,0.01533754076808691
USGS-01649190,2024-02-02 15:50:00+00:00,7.5,1.9,6.6,518,0.0,0,0.023288680240511894
USGS-01649190,2024-02-02 15:55:00+00:00,7.5,1.8,6.6,518,0.0,0,0.025502337142825127
USGS-01649190,2024-02-02 16:00:00+00:00,7.5,1.7,6.6,518,0.0,0,0.07620846480131149
USGS-01649190,2024-02-02 16:05:00+00:00,7.5,1.8,6.6,518,0.0,0,0.04830436035990715
USGS-01649190,2024-02-02 16:10:00+00:00,7.5,1.7,6.6,518,0.0,0,0.04630422592163086
USGS-01649190,2024-02-02 16:15:00+00:00,7.5,1.8,6.6,518,0.0,0,0.03126592934131622
USGS-01649190,2024-02-02 16:20:00+00:00,7.5,1.8,6.6,518,0.0,0,0.022901007905602455
USGS-01649190,2024-02-02 16:25:00+00:00,7.5,1.7,6.6,518,0.0,0,0.04728088900446892
USGS-01649190,2024-02-02 16:30:00+00:00,7.5,1.8,6.6,518,0.0,0,0.032926999032497406
USGS-01649190,2024-02-02 16:35:00+00:00,7.5,1.7,6.6,518,0.0,0,0.04460566118359566
USGS-01649190,2024-02-02 16:40:00+00:00,7.5,1.8,6.7,518,0.0,0,0.02680957317352295
USGS-01649190,2024-02-02 16:45:00+00:00,7.5,1.8,6.7,518,0.0,0,0.022822948172688484
USGS-01649190,2024-02-02 16:50:00+00:00,7.5,1.8,6.7,517,0.0,0,0.02166113257408142
USGS-01649190,2024-02-02 16:55:00+00:00,7.5,1.8,6.7,517,0.0,0,0.02511378563940525
USGS-01649190,2024-02-02 17:00:00+00:00,7.5,1.8,6.8,517,0.0,0,0.016383765265345573
USGS-01649190,2024-02-02 17:05:00+00:00,7.5,1.8,6.8,517,0.0,0,0.01982065476477146
USGS-01649190,2024-02-02 17:10:00+00:00,7.5,1.7,6.8,517,0.0,0,0.028124207630753517
USGS-01649190,2024-02-02 17:15:00+00:00,7.5,1.7,6.8,517,0.0,0,0.025266868993639946
USGS-01649190,2024-02-02 17:20:00+00:00,7.5,1.7,6.9,517,0.0,0,0.02867840602993965
USGS-01649190,2024-02-02 17:25:00+00:00,7.5,1.8,6.9,517,0.0,0,0.022564968094229698
USGS-01649190,2024-02-02 17:30:00+00:00,7.5,1.8,6.9,517,0.0,0,0.02006269246339798
USGS-01649190,2024-02-02 17:35:00+00:00,7.5,1.8,6.9,517,0.0,0,0.019311418756842613
USGS-01649190,2024-02-02 17:40:00+00:00,7.5,1.7,6.9,517,0.0,0,0.0436408706009388
USGS-01649190,2024-02-02 17:45:00+00:00,7.5,1.7,7.0,516,0.0,0,0.03223401680588722
USGS-01649190,2024-02-02 17:50:00+00:00,7.5,1.7,7.0,516,0.0,0,0.0345788300037384
USGS-01649190,2024-02-02 17:55:00+00:00,7.5,1.7,7.0,516,0.0,0,0.03998847305774689
USGS-01649190,2024-02-02 18:00:00+00:00,7.5,1.7,7.0,516,0.0,0,0.042884837836027145
USGS-01649190,2024-02-02 18:05:00+00:00,7.5,1.8,7.0,516,0.0,0,0.024352572858333588
USGS-01649190,2024-02-02 18:10:00+00:00,7.5,1.8,7.0,516,0.0,0,0.02410866506397724
USGS-01649190,2024-02-02 18:15:00+00:00,7.5,1.7,7.1,516,0.0,0,0.03849169984459877
USGS-01649190,2024-02-02 18:20:00+00:00,7.5,1.7,7.1,516,0.0,0,0.03531905263662338
USGS-01649190,2024-02-02 18:25:00+00:00,7.5,1.7,7.1,516,0.0,0,0.032942574471235275
USGS-01649190,2024-02-02 18:30:00+00:00,7.5,1.7,7.1,516,0.0,0,0.03380659595131874
USGS-01649190,2024-02-02 18:35:00+00:00,7.5,1.7,7.1,516,0.0,0,0.03846368193626404
USGS-01649190,2024-02-02 18:40:00+00:00,7.5,1.7,7.2,516,0.0,0,0.021153518930077553
USGS-01649190,2024-02-02 18:45:00+00:00,7.5,1.8,7.2,516,0.0,0,0.018564069643616676
USGS-01649190,2024-02-02 18:50:00+00:00,7.5,1.7,7.2,515,0.0,0,0.050689298659563065
USGS-01649190,2024-02-02 18:55:00+00:00,7.5,1.8,7.2,516,0.0,0,0.020359383895993233
USGS-01649190,2024-02-02 19:00:00+00:00,7.5,1.7,7.2,515,0.0,0,0.05731887370347977
USGS-01649190,2024-02-02 19:05:00+00:00,7.5,1.7,7.2,515,0.0,0,0.04273390769958496
USGS-01649190,2024-02-02 19:10:00+00:00,7.5,1.6,7.3,515,0.0,0,0.03887457773089409
USGS-01649190,2024-02-02 19:15:00+00:00,7.5,1.7,7.3,515,0.0,0,0.05962635576725006
USGS-01649190,2024-02-02 19:20:00+00:00,7.5,1.7,7.3,515,0.0,0,0.03624352440237999
USGS-01649190,2024-02-02 19:25:00+00:00,7.5,1.7,7.3,515,0.0,0,0.0298731941729784
USGS-01649190,2024-02-02 19:30:00+00:00,7.5,1.8,7.3,515,0.0,0,0.025282887741923332
USGS-01649190,2024-02-02 19:35:00+00:00,7.5,1.6,7.3,515,0.0,0,0.09423790127038956
USGS-01649190,2024-02-02 19:40:00+00:00,7.5,1.6,7.3,515,0.0,0,0.049635451287031174
USGS-01649190,2024-02-02 19:45:00+00:00,7.5,1.7,7.4,515,0.0,0,0.04745759442448616
USGS-01649190,2024-02-02 19:50:00+00:00,7.5,1.7,7.4,515,0.0,0,0.033777348697185516
USGS-01649190,2024-02-02 19:55:00+00:00,7.5,1.7,7.4,515,0.0,0,0.037959229201078415
USGS-01649190,2024-02-02 20:00:00+00:00,7.5,1.7,7.4,515,0.0,0,0.03461483120918274
USGS-01649190,2024-02-02 20:05:00+00:00,7.5,1.6,7.4,514,0.0,0,0.05728452280163765
USGS-01649190,2024-02-02 20:10:00+00:00,7.5,1.7,7.4,514,0.0,0,0.06369374692440033
USGS-01649190,2024-02-02 20:15:00+00:00,7.5,1.7,7.4,514,0.0,0,0.031881630420684814
USGS-01649190,2024-02-02 20:20:00+00:00,7.5,1.7,7.4,514,0.0,0,0.042216911911964417
USGS-01649190,2024-02-02 20:25:00+00:00,7.5,1.7,7.4,514,0.0,0,0.027813810855150223
USGS-01649190,2024-02-02 20:30:00+00:00,7.5,1.7,7.4,514,0.0,0,0.02574995905160904
USGS-01649190,2024-02-02 20:35:00+00:00,7.5,1.7,7.4,514,0.0,0,0.027313407510519028
USGS-01649190,2024-02-02 20:40:00+00:00,7.5,1.7,7.4,514,0.0,0,0.025479979813098907
USGS-01649190,2024-02-02 20:45:00+00:00,7.6,1.7,7.5,514,0.0,0,0.018677471205592155
USGS-01649190,2024-02-02 20:50:00+00:00,7.6,1.7,7.4,514,0.0,0,0.014283470809459686
USGS-01649190,2024-02-02 20:55:00+00:00,7.6,1.7,7.4,514,0.0,0,0.019128603860735893
USGS-01649190,2024-02-02 21:00:00+00:00,7.6,1.7,7.5,514,0.0,0,0.014795184135437012
USGS-01649190,2024-02-02 21:05:00+00:00,7.6,1.7,7.4,514,0.0,0,0.016712192445993423
USGS-01649190,2024-02-02 21:10:00+00:00,7.6,1.7,7.5,514,0.0,0,0.017331844195723534
USGS-01649190,2024-02-02 21:15:00+00:00,7.6,1.7,7.5,514,0.0,0,0.024694394320249557
USGS-01649190,2024-02-02 21:20:00+00:00,7.6,1.7,7.5,514,0.0,0,0.024694394320249557
USGS-01649190,2024-02-02 21:25:00+00:00,7.6,1.7,7.5,514,0.0,0,0.02829398773610592
USGS-01649190,2024-02-02 21:30:00+00:00,7.6,1.7,7.5,514,0.0,0,0.02573859691619873
USGS-01649190,2024-02-02 21:35:00+00:00,7.6,1.7,7.5,513,0.0,0,0.02764415554702282
USGS-01649190,2024-02-02 21:40:00+00:00,7.6,1.7,7.5,513,0.0,0,0.027367031201720238
USGS-01649190,2024-02-02 21:45:00+00:00,7.6,1.7,7.4,513,0.0,0,0.03419606015086174
USGS-01649190,2024-02-02 21:50:00+00:00,7.5,1.7,7.4,513,0.0,0,0.04216201603412628
USGS-01649190,2024-02-02 21:55:00+00:00,7.5,1.8,7.4,513,0.0,0,0.021492809057235718
USGS-01649190,2024-02-02 22:00:00+00:00,7.5,1.8,7.4,513,0.0,0,0.015811296179890633
USGS-01649190,2024-02-02 22:05:00+00:00,7.5,1.7,7.4,513,0.0,0,0.04008825123310089
USGS-01649190,2024-02-02 22:10:00+00:00,7.5,1.7,7.4,513,0.0,0,0.031795792281627655
USGS-01649190,2024-02-02 22:15:00+00:00,7.5,1.7,7.4,513,0.0,0,0.02880939096212387
USGS-01649190,2024-02-02 22:20:00+00:00,7.5,1.8,7.4,513,0.0,0,0.034814730286598206
USGS-01649190,2024-02-02 22:25:00+00:00,7.5,1.7,7.4,513,0.0,0,0.03845728561282158
USGS-01649190,2024-02-02 22:30:00+00:00,7.5,1.8,7.4,513,0.0,0,0.037794049829244614
USGS-01649190,2024-02-02 22:35:00+00:00,7.5,1.8,7.4,513,0.0,0,0.026154624298214912
USGS-01649190,2024-02-02 22:40:00+00:00,7.5,1.8,7.4,513,0.0,0,0.02275104448199272
USGS-01649190,2024-02-02 22:45:00+00:00,7.5,1.7,7.4,513,0.0,0,0.03783361613750458
USGS-01649190,2024-02-02 22:50:00+00:00,7.5,1.8,7.4,513,0.0,0,0.037794049829244614
USGS-01649190,2024-02-02 22:55:00+00:00,7.5,1.9,7.4,513,1.0,0,0.039557866752147675
USGS-01649190,2024-02-02 23:00:00+00:00,7.5,2.2,7.4,513,0.0,0,0.03897012397646904
USGS-01649190,2024-02-02 23:05:00+00:00,7.5,2.2,7.3,513,0.0,0,0.02655654028058052
USGS-01649190,2024-02-02 23:10:00+00:00,7.5,2.0,7.3,513,0.0,0,0.06642922759056091
USGS-01649190,2024-02-02 23:15:00+00:00,7.5,2.0,7.3,513,0.0,0,0.04587922245264053
USGS-01649190,2024-02-02 23:20:00+00:00,7.5,2.1,7.3,513,0.0,0,0.03431099280714989
USGS-01649190,2024-02-02 23:25:00+00:00,7.5,2.0,7.3,513,0.0,0,0.02825242280960083
USGS-01649190,2024-02-02 23:30:00+00:00,7.5,2.1,7.3,513,0.0,0,0.030996965244412422
USGS-01649190,2024-02-02 23:35:00+00:00,7.5,2.0,7.3,513,0.0,0,0.02343878149986267
USGS-01649190,2024-02-02 23:40:00+00:00,7.5,2.0,7.3,513,0.0,0,0.022599773481488228
USGS-01649190,2024-02-02 23:45:00+00:00,7.5,2.0,7.3,513,0.0,0,0.022476017475128174
USGS-01649190,2024-02-02 23:50:00+00:00,7.5,2.0,7.3,513,0.0,0,0.021514248102903366
USGS-01649190,2024-02-02 23:55:00+00:00,7.5,2.0,7.2,513,0.0,0,0.016709474846720695
USGS-01649190,2024-02-03 00:00:00+00:00,7.5,2.0,7.2,513,0.0,0,0.013126489706337452
USGS-01649190,2024-02-03 00:05:00+00:00,7.5,2.0,7.2,513,0.0,0,0.01378887239843607
USGS-01649190,2024-02-03 00:10:00+00:00,7.5,1.9,7.2,512,0.0,0,0.019239243119955063
USGS-01649190,2024-02-03 00:15:00+00:00,7.5,1.9,7.2,513,0.0,0,0.01419049222022295
USGS-01649190,2024-02-03 00:20:00+00:00,7.5,1.8,7.2,513,0.0,0,0.02948695421218872
USGS-01649190,2024-02-03 00:25:00+00:00,7.5,1.8,7.2,513,1.0,0,0.018521921709179878
USGS-01649190,2024-02-03 00:30:00+00:00,7.5,2.0,7.2,513,0.0,0,0.035976309329271317
USGS-01649190,2024-02-03 00:35:00+00:00,7.5,2.1,7.2,513,0.0,0,0.03342815861105919
USGS-01649190,2024-02-03 00:40:00+00:00,7.5,2.1,7.2,513,0.0,0,0.030734973028302193
USGS-01649190,2024-02-03 00:45:00+00:00,7.5,2.1,7.2,513,0.0,0,0.016989003866910934
USGS-01649190,2024-02-03 00:50:00+00:00,7.5,2.0,7.2,512,0.0,0,0.039441607892513275
USGS-01649190,2024-02-03 00:55:00+00:00,7.5,1.8,7.2,512,1.0,0,0.03618840128183365
USGS-01649190,2024-02-03 01:00:00+00:00,7.5,2.0,7.1,512,0.0,0,0.054713163524866104
USGS-01649190,2024-02-03 01:05:00+00:00,7.5,2.0,7.1,512,0.0,0,0.0359809584915638
USGS-01649190,2024-02-03 01:10:00+00:00,7.5,1.8,7.1,512,0.0,0,0.06538071483373642
USGS-01649190,2024-02-03 01:15:00+00:00,7.5,1.8,7.1,512,0.0,0,0.027936283499002457
USGS-01649190,2024-02-03 01:20:00+00:00,7.5,1.8,7.1,512,0.0,0,0.026214273646473885
USGS-01649190,2024-02-03 01:25:00+00:00,7.5,1.8,7.1,512,0.0,0,0.026066677644848824
USGS-01649190,2024-02-03 01:30:00+00:00,7.5,1.8,7.1,512,0.0,0,0.02601088024675846
USGS-01649190,2024-02-03 01:35:00+00:00,7.5,1.7,7.1,512,0.0,0,0.03220590576529503
USGS-01649190,2024-02-03 01:40:00+00:00,7.5,1.8,7.1,512,0.0,0,0.03435515984892845
USGS-01649190,2024-02-03 01:45:00+00:00,7.5,1.7,7.1,512,0.0,0,0.0387413464486599
USGS-01649190,2024-02-03 01:50:00+00:00,7.5,1.7,7.0,512,0.0,0,0.039332106709480286
USGS-01649190,2024-02-03 01:55:00+00:00,7.5,1.7,7.0,512,0.0,0,0.033470433205366135
USGS-01649190,2024-02-03 02:00:00+00:00,7.5,1.7,7.0,512,0.0,0,0.03225913271307945
USGS-01649190,2024-02-03 02:05:00+00:00,7.5,1.7,7.0,512,0.0,0,0.025103244930505753
USGS-01649190,2024-02-03 02:10:00+00:00,7.5,1.8,7.0,512,0.0,0,0.024334480985999107
USGS-01649190,2024-02-03 02:15:00+00:00,7.5,1.7,7.0,512,0.0,0,0.04931632801890373
USGS-01649190,2024-02-03 02:20:00+00:00,7.5,1.8,7.0,512,0.0,0,0.03435515984892845
USGS-01649190,2024-02-03 02:25:00+00:00,7.5,1.8,7.0,512,0.0,0,0.026154624298214912
USGS-01649190,2024-02-03 02:30:00+00:00,7.5,1.8,7.0,512,0.0,0,0.02275104448199272
USGS-01649190,2024-02-03 02:35:00+00:00,7.5,1.8,7.0,512,0.0,0,0.026330377906560898
USGS-01649190,2024-02-03 02:40:00+00:00,7.5,1.8,6.9,512,0.0,0,0.020472532138228416
USGS-01649190,2024-02-03 02:45:00+00:00,7.5,1.8,6.9,512,0.0,0,0.01533754076808691
USGS-01649190,2024-02-03 02:50:00+00:00,7.5,1.8,6.9,512,0.0,0,0.014944257214665413
USGS-01649190,2024-02-03 02:55:00+00:00,7.5,1.8,6.9,512,0.0,0,0.016502633690834045
USGS-01649190,2024-02-03 03:00:00+00:00,7.5,1.8,6.9,512,0.0,0,0.018822411075234413
USGS-01649190,2024-02-03 03:05:00+00:00,7.5,1.9,6.9,512,1.0,0,0.023926718160510063
USGS-01649190,2024-02-03 03:10:00+00:00,7.5,2.1,6.9,512,0.0,0,0.032035551965236664
USGS-01649190,2024-02-03 03:15:00+00:00,7.5,1.9,6.9,512,0.0,0,0.06359472870826721
USGS-01649190,2024-02-03 03:20:00+00:00,7.5,1.8,6.9,512,0.0,0,0.03815963864326477
USGS-01649190,2024-02-03 03:25:00+00:00,7.5,1.8,6.9,512,0.0,0,0.04272156208753586
USGS-01649190,2024-02-03 03:30:00+00:00,7.5,1.8,6.9,512,0.0,0,0.02449614740908146
USGS-01649190,2024-02-03 03:35:00+00:00,7.5,1.7,6.8,512,1.0,0,0.032363440841436386
USGS-01649190,2024-02-03 03:40:00+00:00,7.5,1.9,6.8,512,0.0,0,0.03013552352786064
USGS-01649190,2024-02-03 03:45:00+00:00,7.5,1.7,6.8,512,0.0,0,0.08503948152065277
USGS-01649190,2024-02-03 03:50:00+00:00,7.5,1.7,6.8,512,0.0,0,0.05791939049959183
USGS-01649190,2024-02-03 03:55:00+00:00,7.5,1.7,6.8,512,0.0,0,0.037473518401384354
USGS-01649190,2024-02-03 04:00:00+00:00,7.5,1.7,6.8,512,0.0,0,0.031325485557317734
USGS-01649190,2024-02-03 04:05:00+00:00,7.5,1.8,6.8,512,0.0,0,0.02956746332347393
USGS-01649190,2024-02-03 04:10:00+00:00,7.5,1.8,6.8,512,0.0,0,0.02334439754486084
USGS-01649190,2024-02-03 04:15:00+00:00,7.5,1.8,6.7,512,0.0,0,0.026784179732203484
USGS-01649190,2024-02-03 04:20:00+00:00,7.5,1.7,6.7,512,0.0,0,0.039743680506944656
USGS-01649190,2024-02-03 04:25:00+00:00,7.5,1.8,6.7,512,0.0,0,0.02907198667526245
USGS-01649190,2024-02-03 04:30:00+00:00,7.5,1.8,6.7,512,0.0,0,0.021185750141739845
USGS-01649190,2024-02-03 04:35:00+00:00,7.5,1.8,6.7,512,0.0,0,0.021760260686278343
USGS-01649190,2024-02-03 04:40:00+00:00,7.5,1.8,6.7,512,0.0,0,0.019315745681524277
USGS-01649190,2024-02-03 04:45:00+00:00,7.5,1.8,6.7,512,0.0,0,0.019522110000252724
USGS-01649190,2024-02-03 04:50:00+00:00,7.5,1.8,6.6,512,0.0,0,0.020472532138228416
USGS-01649190,2024-02-03 04:55:00+00:00,7.5,1.8,6.6,512,0.0,0,0.014296199195086956
USGS-01649190,2024-02-03 05:00:00+00:00,7.5,1.8,6.6,511,0.0,0,0.015558904968202114
USGS-01649190,2024-02-03 05:05:00+00:00,7.5,1.8,6.6,511,0.0,0,0.018314212560653687
USGS-01649190,2024-02-03 05:10:00+00:00,7.5,1.8,6.6,511,0.0,0,0.01903492398560047
USGS-01649190,2024-02-03 05:15:00+00:00,7.5,1.8,6.6,511,0.0,0,0.020166706293821335
USGS-01649190,2024-02-03 05:20:00+00:00,7.5,1.8,6.6,511,0.0,0,0.017005303874611855
USGS-01649190,2024-02-03 05:25:00+00:00,7.5,1.7,6.5,511,0.0,0,0.027198221534490585
USGS-01649190,2024-02-03 05:30:00+00:00,7.5,1.7,6.5,511,0.0,0,0.03169780597090721
USGS-01649190,2024-02-03 05:35:00+00:00,7.5,1.7,6.5,511,0.0,0,0.032942574471235275
USGS-01649190,2024-02-03 05:40:00+00:00,7.5,1.7,6.5,511,0.0,0,0.03085087239742279
USGS-01649190,2024-02-03 05:45:00+00:00,7.5,1.8,6.5,511,0.0,0,0.03252562880516052
USGS-01649190,2024-02-03 05:50:00+00:00,7.5,1.7,6.5,511,0.0,0,0.056687016040086746
USGS-01649190,2024-02-03 05:55:00+00:00,7.5,1.7,6.4,511,0.0,0,0.034120410680770874
USGS-01649190,2024-02-03 06:00:00+00:00,7.5,1.7,6.4,511,0.0,0,0.037303950637578964
USGS-01649190,2024-02-03 06:05:00+00:00,7.5,1.7,6.4,511,0.0,0,0.028219105675816536
USGS-01649190,2024-02-03 06:10:00+00:00,7.5,1.7,6.4,511,0.0,0,0.0330008938908577
USGS-01649190,2024-02-03 06:15:00+00:00,7.5,1.7,6.4,511,0.0,0,0.04397859424352646
USGS-01649190,2024-02-03 06:20:00+00:00,7.5,1.7,6.4,511,0.0,0,0.038846276700496674
USGS-01649190,2024-02-03 06:25:00+00:00,7.5,1.7,6.4,511,0.0,0,0.03925296664237976
USGS-01649190,2024-02-03 06:30:00+00:00,7.5,1.7,6.3,511,0.0,0,0.039873164147138596
USGS-01649190,2024-02-03 06:35:00+00:00,7.5,1.7,6.3,511,0.0,0,0.03551455959677696
USGS-01649190,2024-02-03 06:40:00+00:00,7.5,1.6,6.3,511,0.0,0,0.061762262135744095
USGS-01649190,2024-02-03 06:45:00+00:00,7.5,1.7,6.3,511,0.0,0,0.08012216538190842
USGS-01649190,2024-02-03 06:50:00+00:00,7.5,1.7,6.3,511,0.0,0,0.06378202885389328
USGS-01649190,2024-02-03 06:55:00+00:00,7.5,1.7,6.3,511,0.0,0,0.06813984364271164
USGS-01649190,2024-02-03 07:00:00+00:00,7.5,1.7,6.2,511,0.0,0,0.051640503108501434
USGS-01649190,2024-02-03 07:05:00+00:00,7.5,1.7,6.2,511,0.0,0,0.04252137988805771
USGS-01649190,2024-02-03 07:10:00+00:00,7.5,1.7,6.2,511,0.0,0,0.046663202345371246
USGS-01649190,2024-02-03 07:15:00+00:00,7.5,1.6,6.2,511,0.0,0,0.06511388719081879
USGS-01649190,2024-02-03 07:20:00+00:00,7.5,1.7,6.2,511,0.0,0,0.08979211002588272
USGS-01649190,2024-02-03 07:25:00+00:00,7.5,1.8,6.2,511,0.0,0,0.0663423016667366
USGS-01649190,2024-02-03 07:30:00+00:00,7.5,1.7,6.1,511,0.0,0,0.08600189536809921
USGS-01649190,2024-02-03 07:35:00+00:00,7.5,1.6,6.1,511,0.0,0,0.10383735597133636
USGS-01649190,2024-02-03 07:40:00+00:00,7.5,1.6,6.1,511,0.0,0,0.07040230929851532
USGS-01649190,2024-02-03 07:45:00+00:00,7.5,1.7,6.1,511,0.0,0,0.08560986816883087
USGS-01649190,2024-02-03 07:50:00+00:00,7.5,1.7,6.1,511,0.0,0,0.07333582639694214
USGS-01649190,2024-02-03 07:55:00+00:00,7.5,1.7,6.0,511,0.0,0,0.07768512517213821
USGS-01649190,2024-02-03 08:00:00+00:00,7.5,1.7,6.0,511,0.0,0,0.056552667170763016
USGS-01649190,2024-02-03 08:05:00+00:00,7.5,1.8,6.0,511,0.0,0,0.05005660280585289
USGS-01649190,2024-02-03 08:10:00+00:00,7.5,1.8,6.0,511,0.0,0,0.037856485694646835
USGS-01649190,2024-02-03 08:15:00+00:00,7.5,1.7,6.0,511,0.0,0,0.10930128395557404
USGS-01649190,2024-02-03 08:20:00+00:00,7.5,1.8,6.0,511,0.0,0,0.07450372725725174
USGS-01649190,2024-02-03 08:25:00+00:00,7.5,1.7,6.0,511,0.0,0,0.08096454292535782
USGS-01649190,2024-02-03 08:30:00+00:00,7.5,1.7,5.9,511,0.0,0,0.05912460386753082
USGS-01649190,2024-02-03 08:35:00+00:00,7.5,1.7,5.9,511,0.0,0,0.058695659041404724
USGS-01649190,2024-02-03 08:40:00+00:00,7.5,1.8,5.9,511,0.0,0,0.045687008649110794
USGS-01649190,2024-02-03 08:45:00+00:00,7.5,1.8,5.9,511,1.0,0,0.03920483961701393
USGS-01649190,2024-02-03 08:50:00+00:00,7.5,2.2,5.9,511,0.0,0,0.06160295754671097
USGS-01649190,2024-02-03 08:55:00+00:00,7.5,1.9,5.9,511,1.0,0,0.09718513488769531
USGS-01649190,2024-02-03 09:00:00+00:00,7.5,2.2,5.9,511,0.0,0,0.09633539617061615
USGS-01649190,2024-02-03 09:05:00+00:00,7.5,2.1,5.8,511,0.0,0,0.05443200096487999
USGS-01649190,2024-02-03 09:10:00+00:00,7.5,2.3,5.8,511,0.0,0,0.045607827603816986
USGS-01649190,2024-02-03 09:15:00+00:00,7.5,2.2,5.8,511,0.0,0,0.04990150034427643
USGS-01649190,2024-02-03 09:20:00+00:00,7.5,2.2,5.8,511,0.0,0,0.031415604054927826
USGS-01649190,2024-02-03 09:25:00+00:00,7.5,2.1,5.8,511,0.0,0,0.036103636026382446
USGS-01649190,2024-02-03 09:30:00+00:00,7.5,2.1,5.7,511,0.0,0,0.03280838578939438
USGS-01649190,2024-02-03 09:35:00+00:00,7.5,2.0,5.7,511,0.0,0,0.046366628259420395
USGS-01649190,2024-02-03 09:40:00+00:00,7.5,2.0,5.7,511,1.0,0,0.035255223512649536
USGS-01649190,2024-02-03 09:45:00+00:00,7.5,2.4,5.7,511,1.0,0,0.06892206519842148
USGS-01649190,2024-02-03 09:50:00+00:00,7.5,2.8,5.7,511,0.0,0,0.07740524411201477
USGS-01649190,2024-02-03 09:55:00+00:00,7.5,2.5,5.7,511,1.0,0,0.16274493932724
USGS-01649190,2024-02-03 10:00:00+00:00,7.5,2.8,5.7,511,0.0,0,0.1524220108985901
USGS-01649190,2024-02-03 10:05:00+00:00,7.5,2.4,5.6,511,0.0,0,0.15565475821495056
USGS-01649190,2024-02-03 10:10:00+00:00,7.5,2.5,5.6,511,0.0,0,0.11638559401035309
USGS-01649190,2024-02-03 10:15:00+00:00,7.5,2.0,5.6,511,1.0,0,0.0850895568728447
USGS-01649190,2024-02-03 10:20:00+00:00,7.5,2.3,5.6,511,0.0,0,0.14941047132015228
USGS-01649190,2024-02-03 10:25:00+00:00,7.5,2.2,5.6,511,0.0,1,0.20837917923927307
USGS-01649190,2024-02-03 10:30:00+00:00,7.5,2.0,5.5,511,0.0,0,0.19846554100513458
USGS-01649190,2024-02-03 10:35:00+00:00,7.5,2.1,5.5,511,0.0,0,0.07208499312400818
USGS-01649190,2024-02-03 10:40:00+00:00,7.5,2.1,5.5,511,0.0,0,0.04437532648444176
USGS-01649190,2024-02-03 10:45:00+00:00,7.5,2.0,5.5,511,0.0,0,0.04490012302994728
USGS-01649190,2024-02-03 10:50:00+00:00,7.5,2.0,5.5,511,0.0,0,0.043137550354003906
USGS-01649190,2024-02-03 10:55:00+00:00,7.5,2.0,5.5,511,0.0,0,0.036253128200769424
USGS-01649190,2024-02-03 11:00:00+00:00,7.5,2.0,5.4,511,0.0,0,0.03371112421154976
USGS-01649190,2024-02-03 11:05:00+00:00,7.5,1.9,5.4,511,0.0,0,0.03196685388684273
USGS-01649190,2024-02-03 11:10:00+00:00,7.5,1.9,5.4,511,0.0,0,0.024930022656917572
USGS-01649190,2024-02-03 11:15:00+00:00,7.5,1.8,5.4,511,0.0,0,0.04326767846941948
USGS-01649190,2024-02-03 11:20:00+00:00,7.5,1.9,5.4,511,0.0,0,0.05311460420489311
USGS-01649190,2024-02-03 11:25:00+00:00,7.5,1.8,5.4,511,0.0,0,0.037657275795936584
USGS-01649190,2024-02-03 11:30:00+00:00,7.5,1.9,5.3,510,0.0,0,0.08802888542413712
USGS-01649190,2024-02-03 11:35:00+00:00,7.5,1.8,5.3,510,0.0,0,0.04031720384955406
USGS-01649190,2024-02-03 11:40:00+00:00,7.5,1.8,5.3,510,0.0,0,0.0638577863574028
USGS-01649190,2024-02-03 11:45:00+00:00,7.5,1.8,5.3,510,0.0,0,0.04569579288363457
USGS-01649190,2024-02-03 11:50:00+00:00,7.5,1.8,5.3,510,0.0,0,0.056641835719347
USGS-01649190,2024-02-03 11:55:00+00:00,7.5,1.9,5.3,510,0.0,0,0.04814721643924713
USGS-01649190,2024-02-03 12:00:00+00:00,7.5,1.8,5.2,510,0.0,0,0.03972819820046425
USGS-01649190,2024-02-03 12:05:00+00:00,7.5,1.8,5.2,510,0.0,0,0.059305258095264435
USGS-01649190,2024-02-03 12:10:00+00:00,7.5,1.8,5.2,510,0.0,0,0.03217006474733353
USGS-01649190,2024-02-03 12:15:00+00:00,7.5,1.8,5.2,510,0.0,0,0.02965480275452137
USGS-01649190,2024-02-03 12:20:00+00:00,7.5,1.8,5.2,510,0.0,0,0.03639843314886093
USGS-01649190,2024-02-03 12:25:00+00:00,7.5,1.8,5.2,510,0.0,0,0.03507188335061073
USGS-01649190,2024-02-03 12:30:00+00:00,7.5,1.8,5.2,510,0.0,0,0.03371687978506088
USGS-01649190,2024-02-03 12:35:00+00:00,7.5,1.8,5.1,510,0.0,0,0.026814328506588936
USGS-01649190,2024-02-03 12:40:00+00:00,7.5,1.8,5.1,510,0.0,0,0.025525415316224098
USGS-01649190,2024-02-03 12:45:00+00:00,7.5,1.7,5.1,510,0.0,0,0.05972994863986969
USGS-01649190,2024-02-03 12:50:00+00:00,7.5,1.8,5.1,510,0.0,0,0.0464981310069561
USGS-01649190,2024-02-03 12:55:00+00:00,7.5,1.8,5.1,510,0.0,0,0.0434684231877327
USGS-01649190,2024-02-03 13:00:00+00:00,7.5,1.7,5.1,510,0.0,0,0.10110916197299957
USGS-01649190,2024-02-03 13:05:00+00:00,7.5,1.8,5.1,510,0.0,0,0.06738442182540894
USGS-01649190,2024-02-03 13:10:00+00:00,7.5,1.8,5.0,510,0.0,0,0.03916500508785248
USGS-01649190,2024-02-03 13:15:00+00:00,7.5,1.7,5.0,510,0.0,0,0.10084424167871475
USGS-01649190,2024-02-03 13:20:00+00:00,7.5,1.8,5.0,510,0.0,0,0.061880722641944885
USGS-01649190,2024-02-03 13:25:00+00:00,7.5,1.8,5.0,510,0.0,0,0.04846198856830597
USGS-01649190,2024-02-03 13:30:00+00:00,7.5,1.7,5.0,510,1.0,0,0.13874007761478424
USGS-01649190,2024-02-03 13:35:00+00:00,7.5,1.9,5.0,510,0.0,0,0.088441863656044
USGS-01649190,2024-02-03 13:40:00+00:00,7.5,1.9,5.0,510,0.0,0,0.05998711660504341
USGS-01649190,2024-02-03 13:45:00+00:00,7.5,1.7,5.0,510,0.0,1,0.30108875036239624
USGS-01649190,2024-02-03 13:50:00+00:00,7.5,1.8,5.0,510,0.0,0,0.15407848358154297
USGS-01649190,2024-02-03 13:55:00+00:00,7.5,1.8,5.0,510,0.0,0,0.09385912120342255
USGS-01649190,2024-02-03 14:00:00+00:00,7.5,1.8,5.0,510,0.0,0,0.07882597297430038
USGS-01649190,2024-02-03 14:05:00+00:00,7.5,1.8,5.0,510,0.0,0,0.06648904085159302
USGS-01649190,2024-02-03 14:10:00+00:00,7.5,1.8,5.0,510,0.0,0,0.06280965358018875
USGS-01649190,2024-02-03 14:15:00+00:00,7.5,1.8,5.0,510,0.0,0,0.0481693260371685
USGS-01649190,2024-02-03 14:20:00+00:00,7.5,1.7,5.0,510,0.0,0,0.06566596776247025
USGS-01649190,2024-02-03 14:25:00+00:00,7.5,1.7,5.0,509,0.0,0,0.09022798389196396
USGS-01649190,2024-02-03 14:30:00+00:00,7.5,1.8,5.0,510,0.0,0,0.05619433894753456
USGS-01649190,2024-02-03 14:35:00+00:00,7.5,1.7,5.0,510,0.0,0,0.11010803282260895
USGS-01649190,2024-02-03 14:40:00+00:00,7.5,1.7,5.0,509,0.0,0,0.10152605175971985
USGS-01649190,2024-02-03 14:45:00+00:00,7.5,1.8,5.0,509,0.0,0,0.09473101794719696
USGS-01649190,2024-02-03 14:50:00+00:00,7.5,1.8,5.0,509,0.0,0,0.08570079505443573
USGS-01649190,2024-02-03 14:55:00+00:00,7.5,1.8,5.0,509,0.0,0,0.0820118710398674
USGS-01649190,2024-02-03 15:00:00+00:00,7.5,1.7,5.0,509,0.0,0,0.11652878671884537
USGS-01649190,2024-02-03 15:05:00+00:00,7.5,1.7,5.1,509,0.0,0,0.0698481947183609
USGS-01649190,2024-02-03 15:10:00+00:00,7.5,1.7,5.1,509,0.0,0,0.08226397633552551
USGS-01649190,2024-02-03 15:15:00+00:00,7.5,1.7,5.1,509,0.0,0,0.07801137864589691
USGS-01649190,2024-02-03 15:20:00+00:00,7.5,1.7,5.1,509,0.0,0,0.07620876282453537
USGS-01649190,2024-02-03 15:25:00+00:00,7.5,1.7,5.1,509,0.0,0,0.061089321970939636
USGS-01649190,2024-02-03 15:30:00+00:00,7.5,1.7,5.1,509,0.0,0,0.05065464973449707
USGS-01649190,2024-02-03 15:35:00+00:00,7.5,1.6,5.2,509,0.0,0,0.042930781841278076
USGS-01649190,2024-02-03 15:40:00+00:00,7.5,1.7,5.2,509,0.0,0,0.08491816371679306
USGS-01649190,2024-02-03 15:45:00+00:00,7.5,1.7,5.2,509,0.0,0,0.05809604749083519
USGS-01649190,2024-02-03 15:50:00+00:00,7.5,1.6,5.2,508,0.0,0,0.09115174412727356
USGS-01649190,2024-02-03 15:55:00+00:00,7.5,1.6,5.2,508,0.0,0,0.08968239277601242
USGS-01649190,2024-02-03 16:00:00+00:00,7.5,1.7,5.3,508,0.0,0,0.12181077152490616
USGS-01649190,2024-02-03 16:05:00+00:00,7.5,1.6,5.3,508,0.0,0,0.11968352645635605
USGS-01649190,2024-02-03 16:10:00+00:00,7.5,1.7,5.3,508,0.0,0,0.1254727989435196
USGS-01649190,2024-02-03 16:15:00+00:00,7.5,1.7,5.3,508,0.0,0,0.0560883954167366
USGS-01649190,2024-02-03 16:20:00+00:00,7.5,1.7,5.4,508,0.0,0,0.057489510625600815
USGS-01649190,2024-02-03 16:25:00+00:00,7.5,1.7,5.4,508,0.0,0,0.05534205585718155
USGS-01649190,2024-02-03 16:30:00+00:00,7.5,1.6,5.4,508,0.0,0,0.05939910560846329
USGS-01649190,2024-02-03 16:35:00+00:00,7.5,1.6,5.5,508,0.0,0,0.059686098247766495
USGS-01649190,2024-02-03 16:40:00+00:00,7.5,1.6,5.5,508,0.0,0,0.0664672777056694
USGS-01649190,2024-02-03 16:45:00+00:00,7.5,1.6,5.5,508,0.0,0,0.062340814620256424
USGS-01649190,2024-02-03 16:50:00+00:00,7.5,1.6,5.5,507,0.0,0,0.06963741034269333
USGS-01649190,2024-02-03 16:55:00+00:00,7.5,1.6,5.6,507,0.0,0,0.049502719193696976
USGS-01649190,2024-02-03 17:00:00+00:00,7.5,1.6,5.6,507,0.0,0,0.049334146082401276
USGS-01649190,2024-02-03 17:05:00+00:00,7.5,1.6,5.6,507,0.0,0,0.06224893033504486
USGS-01649190,2024-02-03 17:10:00+00:00,7.5,1.6,5.7,507,0.0,0,0.03903021663427353
USGS-01649190,2024-02-03 17:15:00+00:00,7.5,1.7,5.7,507,0.0,0,0.04973214119672775
USGS-01649190,2024-02-03 17:20:00+00:00,7.5,1.6,5.7,507,0.0,0,0.08003462851047516
USGS-01649190,2024-02-03 17:25:00+00:00,7.5,1.6,5.7,507,0.0,0,0.06760473549365997
USGS-01649190,2024-02-03 17:30:00+00:00,7.5,1.6,5.8,507,0.0,0,0.06338417530059814
USGS-01649190,2024-02-03 17:35:00+00:00,7.5,1.6,5.8,507,0.0,0,0.0457826666533947
USGS-01649190,2024-02-03 17:40:00+00:00,7.5,1.6,5.8,507,0.0,0,0.04666266217827797
USGS-01649190,2024-02-03 17:45:00+00:00,7.5,1.6,5.9,506,0.0,0,0.04323885962367058
USGS-01649190,2024-02-03 17:50:00+00:00,7.5,1.6,5.9,506,0.0,0,0.04429583624005318
USGS-01649190,2024-02-03 17:55:00+00:00,7.5,1.6,5.9,506,0.0,0,0.04568595066666603
USGS-01649190,2024-02-03 18:00:00+00:00,7.5,1.6,5.9,506,0.0,0,0.05740103870630264
USGS-01649190,2024-02-03 18:05:00+00:00,7.5,1.6,6.0,506,0.0,0,0.04151855409145355
USGS-01649190,2024-02-03 18:10:00+00:00,7.5,1.7,6.0,506,0.0,0,0.048573557287454605
USGS-01649190,2024-02-03 18:15:00+00:00,7.5,1.7,6.0,506,0.0,0,0.05475134029984474
USGS-01649190,2024-02-03 18:20:00+00:00,7.5,1.6,6.1,506,0.0,0,0.08834208548069
USGS-01649190,2024-02-03 18:25:00+00:00,7.5,1.6,6.1,506,0.0,0,0.0643099844455719
USGS-01649190,2024-02-03 18:30:00+00:00,7.5,1.6,6.1,506,0.0,0,0.05749485641717911
USGS-01649190,2024-02-03 18:35:00+00:00,7.5,1.6,6.1,506,0.0,0,0.06800003349781036
USGS-01649190,2024-02-03 18:40:00+00:00,7.5,1.6,6.1,506,0.0,0,0.07699210941791534
USGS-01649190,2024-02-03 18:45:00+00:00,7.5,1.6,6.2,506,0.0,0,0.0418616458773613
USGS-01649190,2024-02-03 18:50:00+00:00,7.5,1.6,6.2,506,0.0,0,0.037257108837366104
USGS-01649190,2024-02-03 18:55:00+00:00,7.5,1.5,6.2,505,0.0,0,0.058094583451747894
USGS-01649190,2024-02-03 19:00:00+00:00,7.5,1.6,6.2,505,0.0,0,0.08651530742645264
USGS-01649190,2024-02-03 19:05:00+00:00,7.5,1.6,6.2,505,0.0,0,0.061511922627687454
USGS-01649190,2024-02-03 19:10:00+00:00,7.5,1.6,6.2,505,0.0,0,0.10276372730731964
USGS-01649190,2024-02-03 19:15:00+00:00,7.5,1.6,6.3,505,0.0,0,0.037694402039051056
USGS-01649190,2024-02-03 19:20:00+00:00,7.5,1.6,6.3,505,0.0,0,0.0391370914876461
USGS-01649190,2024-02-03 19:25:00+00:00,7.5,1.5,6.3,505,0.0,0,0.05177120119333267
USGS-01649190,2024-02-03 19:30:00+00:00,7.5,1.6,6.3,505,0.0,0,0.07946829497814178
USGS-01649190,2024-02-03 19:35:00+00:00,7.5,1.5,6.3,505,0.0,0,0.07168462127447128
USGS-01649190,2024-02-03 19:40:00+00:00,7.5,1.5,6.3,505,0.0,0,0.0973721295595169
USGS-01649190,2024-02-03 19:45:00+00:00,7.5,1.5,6.3,505,0.0,0,0.05773084610700607
USGS-01649190,2024-02-03 19:50:00+00:00,7.5,1.6,6.3,505,0.0,0,0.1238650381565094
USGS-01649190,2024-02-03 19:55:00+00:00,7.5,1.6,6.4,505,0.0,0,0.07731928676366806
USGS-01649190,2024-02-03 20:00:00+00:00,7.5,1.5,6.4,505,0.0,0,0.07880568504333496
USGS-01649190,2024-02-03 20:05:00+00:00,7.5,1.5,6.4,505,0.0,0,0.0517648421227932
USGS-01649190,2024-02-03 20:10:00+00:00,7.5,1.5,6.4,505,0.0,0,0.04931969195604324
USGS-01649190,2024-02-03 20:15:00+00:00,7.5,1.5,6.4,505,0.0,0,0.08018231391906738
USGS-01649190,2024-02-03 20:20:00+00:00,7.5,1.6,6.4,505,0.0,0,0.09152152389287949
USGS-01649190,2024-02-03 20:25:00+00:00,7.5,1.5,6.4,504,0.0,0,0.0734545961022377
USGS-01649190,2024-02-03 20:30:00+00:00,7.5,1.4,6.5,504,0.0,0,0.052514415234327316
USGS-01649190,2024-02-03 20:35:00+00:00,7.5,1.4,6.5,504,0.0,0,0.15225975215435028
USGS-01649190,2024-02-03 20:40:00+00:00,7.5,1.5,6.5,504,0.0,1,0.2735956311225891
USGS-01649190,2024-02-03 20:45:00+00:00,7.5,1.5,6.5,504,0.0,0,0.08574893325567245
USGS-01649190,2024-02-03 20:50:00+00:00,7.5,1.5,6.5,504,0.0,0,0.062154971063137054
USGS-01649190,2024-02-03 20:55:00+00:00,7.5,1.5,6.5,504,0.0,0,0.05163384974002838
USGS-01649190,2024-02-03 21:00:00+00:00,7.5,1.5,6.5,504,0.0,0,0.04443036764860153
USGS-01649190,2024-02-03 21:05:00+00:00,7.5,1.5,6.6,504,0.0,0,0.022169984877109528
USGS-01649190,2024-02-03 21:10:00+00:00,7.5,1.4,6.5,504,0.0,0,0.03970195725560188
USGS-01649190,2024-02-03 21:15:00+00:00,7.5,1.5,6.6,504,0.0,0,0.06143365800380707
USGS-01649190,2024-02-03 21:20:00+00:00,7.5,1.5,6.6,504,0.0,0,0.03539121523499489
USGS-01649190,2024-02-03 21:25:00+00:00,7.5,1.5,6.6,504,0.0,0,0.030644604936242104
USGS-01649190,2024-02-03 21:30:00+00:00,7.5,1.5,6.6,504,0.0,0,0.034059032797813416
USGS-01649190,2024-02-03 21:35:00+00:00,7.5,1.5,6.6,504,0.0,0,0.029889505356550217
USGS-01649190,2024-02-03 21:40:00+00:00,7.5,1.5,6.6,504,0.0,0,0.029889505356550217
USGS-01649190,2024-02-03 21:45:00+00:00,7.5,1.5,6.6,504,0.0,0,0.030961014330387115
USGS-01649190,2024-02-03 21:50:00+00:00,7.5,1.5,6.6,504,0.0,0,0.030961014330387115
USGS-01649190,2024-02-03 21:55:00+00:00,7.5,1.5,6.7,503,0.0,0,0.02483249455690384
USGS-01649190,2024-02-03 22:00:00+00:00,7.5,1.5,6.7,504,0.0,0,0.026227440685033798
USGS-01649190,2024-02-03 22:05:00+00:00,7.5,1.5,6.6,504,0.0,0,0.0390334278345108
USGS-01649190,2024-02-03 22:10:00+00:00,7.5,1.5,6.7,503,0.0,0,0.028632337227463722
USGS-01649190,2024-02-03 22:15:00+00:00,7.5,1.5,6.7,503,0.0,0,0.037237055599689484
USGS-01649190,2024-02-03 22:20:00+00:00,7.5,1.5,6.6,503,0.0,0,0.06301968544721603
USGS-01649190,2024-02-03 22:25:00+00:00,7.5,1.5,6.6,503,0.0,0,0.03518602252006531
USGS-01649190,2024-02-03 22:30:00+00:00,7.5,1.5,6.6,503,0.0,0,0.03097751922905445
USGS-01649190,2024-02-03 22:35:00+00:00,7.5,1.4,6.6,503,0.0,0,0.04197506606578827
USGS-01649190,2024-02-03 22:40:00+00:00,7.5,1.5,6.6,503,0.0,0,0.07933606952428818
USGS-01649190,2024-02-03 22:45:00+00:00,7.5,1.5,6.6,503,0.0,0,0.040028855204582214
USGS-01649190,2024-02-03 22:50:00+00:00,7.5,1.4,6.6,503,0.0,0,0.043708376586437225
USGS-01649190,2024-02-03 22:55:00+00:00,7.5,1.5,6.6,503,0.0,0,0.09125034511089325
USGS-01649190,2024-02-03 23:00:00+00:00,7.5,1.5,6.5,503,0.0,0,0.04766115918755531
USGS-01649190,2024-02-03 23:05:00+00:00,7.5,1.6,6.5,503,0.0,0,0.06845620274543762
USGS-01649190,2024-02-03 23:10:00+00:00,7.5,1.7,6.5,503,1.0,0,0.06597541272640228
USGS-01649190,2024-02-03 23:15:00+00:00,7.5,2.1,6.5,503,0.0,0,0.04731062799692154
USGS-01649190,2024-02-03 23:20:00+00:00,7.5,1.7,6.5,503,0.0,1,0.24233435094356537
USGS-01649190,2024-02-03 23:25:00+00:00,7.5,1.8,6.5,503,0.0,0,0.09638514369726181
USGS-01649190,2024-02-03 23:30:00+00:00,7.5,1.8,6.4,503,0.0,0,0.033570703119039536
USGS-01649190,2024-02-03 23:35:00+00:00,7.5,1.7,6.4,503,0.0,0,0.08093567937612534
USGS-01649190,2024-02-03 23:40:00+00:00,7.5,1.7,6.4,503,0.0,0,0.05852252244949341
USGS-01649190,2024-02-03 23:45:00+00:00,7.5,1.7,6.4,503,0.0,0,0.0502769760787487
USGS-01649190,2024-02-03 23:50:00+00:00,7.5,1.7,6.3,503,0.0,0,0.06658942997455597
USGS-01649190,2024-02-03 23:55:00+00:00,7.5,1.6,6.3,503,0.0,0,0.06274659931659698
USGS-01649190,2024-02-04 00:00:00+00:00,7.5,1.7,6.3,503,0.0,0,0.08493932336568832
USGS-01649190,2024-02-04 00:05:00+00:00,7.5,1.6,6.3,502,0.0,0,0.08701826632022858
USGS-01649190,2024-02-04 00:10:00+00:00,7.5,1.6,6.2,503,0.0,0,0.07163327932357788
USGS-01649190,2024-02-04 00:15:00+00:00,7.5,1.6,6.2,503,0.0,0,0.0643017590045929
USGS-01649190,2024-02-04 00:20:00+00:00,7.5,1.6,6.2,503,0.0,0,0.06646150350570679
USGS-01649190,2024-02-04 00:25:00+00:00,7.5,1.6,6.2,502,0.0,0,0.049687232822179794
USGS-01649190,2024-02-04 00:30:00+00:00,7.5,1.6,6.1,502,0.0,0,0.0673433244228363
USGS-01649190,2024-02-04 00:35:00+00:00,7.5,1.6,6.1,503,0.0,0,0.04321911558508873
USGS-01649190,2024-02-04 00:40:00+00:00,7.5,1.5,6.1,502,1.0,0,0.06574500352144241
USGS-01649190,2024-02-04 00:45:00+00:00,7.5,1.7,6.1,502,0.0,0,0.11803729087114334
USGS-01649190,2024-02-04 00:50:00+00:00,7.5,1.6,6.1,503,0.0,0,0.08174815028905869
USGS-01649190,2024-02-04 00:55:00+00:00,7.5,1.5,6.0,502,0.0,0,0.1829824149608612
USGS-01649190,2024-02-04 01:00:00+00:00,7.5,1.6,6.0,502,0.0,0,0.10352420061826706
USGS-01649190,2024-02-04 01:05:00+00:00,7.5,1.6,6.0,502,0.0,0,0.08267535269260406
USGS-01649190,2024-02-04 01:10:00+00:00,7.5,1.5,6.0,502,0.0,0,0.08580248057842255
USGS-01649190,2024-02-04 01:15:00+00:00,7.5,1.6,5.9,502,0.0,0,0.09257114678621292
USGS-01649190,2024-02-04 01:20:00+00:00,7.5,1.6,6.0,502,0.0,0,0.047612302005290985
USGS-01649190,2024-02-04 01:25:00+00:00,7.5,1.6,5.9,502,0.0,0,0.08895865827798843
USGS-01649190,2024-02-04 01:30:00+00:00,7.5,1.6,5.9,502,0.0,0,0.043096963316202164
USGS-01649190,2024-02-04 01:35:00+00:00,7.5,1.6,5.9,502,0.0,0,0.037901006639003754
USGS-01649190,2024-02-04 01:40:00+00:00,7.5,1.6,5.9,502,0.0,0,0.05250072479248047
USGS-01649190,2024-02-04 01:45:00+00:00,7.5,1.6,5.9,502,0.0,0,0.04544713348150253
USGS-01649190,2024-02-04 01:50:00+00:00,7.5,1.7,5.8,502,0.0,0,0.06201126426458359
USGS-01649190,2024-02-04 01:55:00+00:00,7.5,1.6,5.8,502,0.0,0,0.07568460702896118
USGS-01649190,2024-02-04 02:00:00+00:00,7.5,1.7,5.8,502,0.0,0,0.07805534452199936
USGS-01649190,2024-02-04 02:05:00+00:00,7.5,1.8,5.8,502,0.0,0,0.059997592121362686
USGS-01649190,2024-02-04 02:10:00+00:00,7.5,1.6,5.8,502,0.0,0,0.18616332113742828
USGS-01649190,2024-02-04 02:15:00+00:00,7.5,1.6,5.8,502,0.0,0,0.07890323549509048
USGS-01649190,2024-02-04 02:20:00+00:00,7.5,1.7,5.8,502,0.0,0,0.07785063982009888
USGS-01649190,2024-02-04 02:25:00+00:00,7.5,1.8,5.7,502,0.0,0,0.05253364518284798
USGS-01649190,2024-02-04 02:30:00+00:00,7.5,1.8,5.7,502,0.0,0,0.07522308081388474
USGS-01649190,2024-02-04 02:35:00+00:00,7.5,1.7,5.7,502,0.0,0,0.12931543588638306
USGS-01649190,2024-02-04 02:40:00+00:00,7.5,1.8,5.7,502,0.0,0,0.06960815191268921
USGS-01649190,2024-02-04 02:45:00+00:00,7.5,1.7,5.7,502,0.0,0,0.10862820595502853
USGS-01649190,2024-02-04 02:50:00+00:00,7.5,1.7,5.7,502,0.0,0,0.07533912360668182
USGS-01649190,2024-02-04 02:55:00+00:00,7.5,1.7,5.7,502,0.0,0,0.06586460024118423
USGS-01649190,2024-02-04 03:00:00+00:00,7.5,1.7,5.6,502,0.0,0,0.07700298726558685
USGS-01649190,2024-02-04 03:05:00+00:00,7.5,1.7,5.6,502,0.0,0,0.0450131855905056
USGS-01649190,2024-02-04 03:10:00+00:00,7.5,1.6,5.6,502,0.0,0,0.06400954723358154
USGS-01649190,2024-02-04 03:15:00+00:00,7.5,1.6,5.6,502,0.0,0,0.06388922035694122
USGS-01649190,2024-02-04 03:20:00+00:00,7.5,1.7,5.6,502,0.0,0,0.11166206002235413
USGS-01649190,2024-02-04 03:25:00+00:00,7.5,1.7,5.6,502,0.0,0,0.08121628314256668
USGS-01649190,2024-02-04 03:30:00+00:00,7.5,1.8,5.6,502,0.0,0,0.08066636323928833
USGS-01649190,2024-02-04 03:35:00+00:00,7.5,1.6,5.6,502,0.0,0,0.17538028955459595
USGS-01649190,2024-02-04 03:40:00+00:00,7.5,1.7,5.5,502,0.0,0,0.08405806869268417
USGS-01649190,2024-02-04 03:45:00+00:00,7.5,1.7,5.5,502,0.0,0,0.06379692256450653
USGS-01649190,2024-02-04 03:50:00+00:00,7.5,1.7,5.5,502,0.0,0,0.07290710508823395
USGS-01649190,2024-02-04 03:55:00+00:00,7.5,1.6,5.5,502,0.0,0,0.08545403927564621
USGS-01649190,2024-02-04 04:00:00+00:00,7.5,1.6,5.5,502,0.0,0,0.08801539242267609
USGS-01649190,2024-02-04 04:05:00+00:00,7.5,1.7,5.5,502,0.0,0,0.10295000672340393
USGS-01649190,2024-02-04 04:10:00+00:00,7.5,1.7,5.5,502,0.0,0,0.07356966286897659
USGS-01649190,2024-02-04 04:15:00+00:00,7.5,1.7,5.5,502,0.0,0,0.08018041402101517
USGS-01649190,2024-02-04 04:20:00+00:00,7.5,1.7,5.4,502,0.0,0,0.06733846664428711
USGS-01649190,2024-02-04 04:25:00+00:00,7.5,1.6,5.4,502,0.0,0,0.07753235101699829
USGS-01649190,2024-02-04 04:30:00+00:00,7.5,1.6,5.4,502,0.0,0,0.07158921658992767
USGS-01649190,2024-02-04 04:35:00+00:00,7.5,1.6,5.4,502,0.0,0,0.07141833007335663
USGS-01649190,2024-02-04 04:40:00+00:00,7.5,1.5,5.4,502,0.0,0,0.0658692792057991
USGS-01649190,2024-02-04 04:45:00+00:00,7.5,1.6,5.4,502,0.0,0,0.10220803320407867
USGS-01649190,2024-02-04 04:50:00+00:00,7.5,1.5,5.3,502,0.0,0,0.053491272032260895
USGS-01649190,2024-02-04 04:55:00+00:00,7.5,1.5,5.3,502,0.0,0,0.08857935667037964
USGS-01649190,2024-02-04 05:00:00+00:00,7.5,1.6,5.3,502,0.0,0,0.11583587527275085
USGS-01649190,2024-02-04 05:05:00+00:00,7.5,1.6,5.3,502,0.0,0,0.08728481829166412
USGS-01649190,2024-02-04 05:10:00+00:00,7.5,1.6,5.3,502,0.0,0,0.09941627830266953
USGS-01649190,2024-02-04 05:15:00+00:00,7.5,1.5,5.3,502,0.0,0,0.06829850375652313
USGS-01649190,2024-02-04 05:20:00+00:00,7.5,1.6,5.3,502,0.0,0,0.1011132150888443
USGS-01649190,2024-02-04 05:25:00+00:00,7.5,1.5,5.2,502,0.0,0,0.060146234929561615
USGS-01649190,2024-02-04 05:30:00+00:00,7.4,1.6,5.2,502,0.0,0,0.172684907913208
USGS-01649190,2024-02-04 05:35:00+00:00,7.4,1.5,5.2,502,0.0,0,0.08172596246004105
USGS-01649190,2024-02-04 05:40:00+00:00,7.4,1.5,5.2,502,0.0,0,0.059871017932891846
USGS-01649190,2024-02-04 05:45:00+00:00,7.4,1.6,5.2,502,0.0,0,0.054671648889780045
USGS-01649190,2024-02-04 05:50:00+00:00,7.4,1.5,5.2,502,0.0,0,0.07705157995223999
USGS-01649190,2024-02-04 05:55:00+00:00,7.4,1.5,5.2,502,0.0,0,0.06985776871442795
USGS-01649190,2024-02-04 06:00:00+00:00,7.4,1.4,5.1,502,0.0,0,0.06116262078285217
USGS-01649190,2024-02-04 06:05:00+00:00,7.4,1.4,5.1,502,0.0,0,0.1408325731754303
USGS-01649190,2024-02-04 06:10:00+00:00,7.4,1.5,5.1,502,0.0,0,0.17841112613677979
USGS-01649190,2024-02-04 06:15:00+00:00,7.4,1.4,5.1,502,0.0,0,0.11220397800207138
USGS-01649190,2024-02-04 06:20:00+00:00,7.4,1.4,5.1,502,1.0,0,0.1323358714580536
USGS-01649190,2024-02-04 06:25:00+00:00,7.4,1.6,5.1,502,0.0,0,0.12881186604499817
USGS-01649190,2024-02-04 06:30:00+00:00,7.4,1.5,5.1,501,0.0,1,0.2026192545890808
USGS-01649190,2024-02-04 06:35:00+00:00,7.4,1.5,5.0,501,0.0,0,0.10034859925508499
USGS-01649190,2024-02-04 06:40:00+00:00,7.4,1.5,5.0,501,0.0,0,0.11504624783992767
USGS-01649190,2024-02-04 06:45:00+00:00,7.4,1.5,5.0,501,0.0,0,0.19926902651786804
USGS-01649190,2024-02-04 06:55:00+00:00,7.4,1.5,5.0,501,0.0,0,0.1332758665084839
USGS-01649190,2024-02-04 07:00:00+00:00,7.4,1.5,5.0,501,0.0,0,0.07675361633300781
USGS-01649190,2024-02-04 07:05:00+00:00,7.4,1.4,4.9,501,0.0,0,0.08448179811239243
USGS-01649190,2024-02-04 07:10:00+00:00,7.4,1.4,4.9,501,0.0,0,0.12400785833597183
USGS-01649190,2024-02-04 07:15:00+00:00,7.4,1.4,4.9,501,0.0,0,0.14476005733013153
USGS-01649190,2024-02-04 07:20:00+00:00,7.4,1.4,4.9,501,0.0,0,0.13003294169902802
USGS-01649190,2024-02-04 07:25:00+00:00,7.4,1.5,4.9,501,0.0,0,0.15405339002609253
USGS-01649190,2024-02-04 07:30:00+00:00,7.4,1.5,4.9,501,0.0,0,0.09668326377868652
USGS-01649190,2024-02-04 07:35:00+00:00,7.4,1.5,4.9,501,0.0,0,0.1193089410662651
USGS-01649190,2024-02-04 07:40:00+00:00,7.4,1.5,4.9,501,0.0,0,0.1275872141122818
USGS-01649190,2024-02-04 07:45:00+00:00,7.4,1.6,4.8,501,0.0,0,0.11564657837152481
USGS-01649190,2024-02-04 07:50:00+00:00,7.4,1.5,4.8,501,0.0,0,0.1219499334692955
USGS-01649190,2024-02-04 07:55:00+00:00,7.4,1.5,4.8,501,0.0,0,0.08945353329181671
USGS-01649190,2024-02-04 08:00:00+00:00,7.4,1.5,4.8,501,0.0,0,0.06715390086174011
USGS-01649190,2024-02-04 08:05:00+00:00,7.4,1.5,4.8,501,0.0,0,0.09914585947990417
USGS-01649190,2024-02-04 08:10:00+00:00,7.4,1.5,4.8,501,0.0,0,0.09840027987957001
USGS-01649190,2024-02-04 08:15:00+00:00,7.4,1.5,4.8,501,0.0,0,0.09241901338100433
USGS-01649190,2024-02-04 08:20:00+00:00,7.4,1.4,4.7,501,0.0,0,0.06265707314014435
USGS-01649190,2024-02-04 08:25:00+00:00,7.4,1.5,4.7,501,0.0,0,0.14627574384212494
USGS-01649190,2024-02-04 08:30:00+00:00,7.4,1.5,4.7,501,0.0,0,0.09369871020317078
USGS-01649190,2024-02-04 08:35:00+00:00,7.4,1.5,4.7,501,0.0,0,0.0819336473941803
USGS-01649190,2024-02-04 08:40:00+00:00,7.4,1.4,4.7,501,0.0,0,0.11054429411888123
USGS-01649190,2024-02-04 08:45:00+00:00,7.4,1.4,4.7,500,0.0,0,0.16305691003799438
USGS-01649190,2024-02-04 08:50:00+00:00,7.4,1.5,4.7,501,0.0,0,0.15776070952415466
USGS-01649190,2024-02-04 08:55:00+00:00,7.4,1.5,4.6,501,0.0,0,0.09925439953804016
USGS-01649190,2024-02-04 09:00:00+00:00,7.4,1.5,4.6,500,0.0,0,0.1310805231332779
USGS-01649190,2024-02-04 09:05:00+00:00,7.4,1.3,4.6,500,1.0,0,0.17300951480865479
USGS-01649190,2024-02-04 09:10:00+00:00,7.4,1.5,4.6,500,0.0,1,0.3314112722873688
USGS-01649190,2024-02-04 09:15:00+00:00,7.4,1.6,4.6,500,0.0,1,0.30323952436447144
USGS-01649190,2024-02-04 09:20:00+00:00,7.4,1.6,4.6,500,0.0,1,0.32252180576324463
USGS-01649190,2024-02-04 09:25:00+00:00,7.4,1.6,4.6,500,0.0,0,0.16669915616512299
USGS-01649190,2024-02-04 09:30:00+00:00,7.4,1.5,4.5,500,1.0,0,0.0577944815158844
USGS-01649190,2024-02-04 09:35:00+00:00,7.4,1.7,4.5,500,0.0,0,0.1580020636320114
USGS-01649190,2024-02-04 09:40:00+00:00,7.4,1.6,4.5,500,0.0,0,0.12334352731704712
USGS-01649190,2024-02-04 09:45:00+00:00,7.4,1.6,4.5,500,0.0,0,0.10828541964292526
USGS-01649190,2024-02-04 09:50:00+00:00,7.4,1.6,4.5,500,0.0,0,0.10099782049655914
USGS-01649190,2024-02-04 09:55:00+00:00,7.4,1.6,4.5,500,0.0,0,0.059717144817113876
USGS-01649190,2024-02-04 10:00:00+00:00,7.4,1.4,4.4,500,1.0,0,0.08545152097940445
USGS-01649190,2024-02-04 10:05:00+00:00,7.4,1.6,4.4,500,0.0,1,0.2301354855298996
USGS-01649190,2024-02-04 10:10:00+00:00,7.4,1.5,4.4,500,0.0,0,0.16519339382648468
USGS-01649190,2024-02-04 10:15:00+00:00,7.4,1.6,4.4,500,0.0,1,0.24454523622989655
USGS-01649190,2024-02-04 10:20:00+00:00,7.4,1.5,4.4,500,0.0,0,0.13647645711898804
USGS-01649190,2024-02-04 10:25:00+00:00,7.4,1.5,4.4,500,1.0,0,0.16887183487415314
USGS-01649190,2024-02-04 10:30:00+00:00,7.4,1.7,4.4,500,0.0,1,0.20003090798854828
USGS-01649190,2024-02-04 10:35:00+00:00,7.4,1.6,4.4,500,0.0,0,0.16187851130962372
USGS-01649190,2024-02-04 10:40:00+00:00,7.4,1.6,4.3,500,0.0,0,0.15300847589969635
USGS-01649190,2024-02-04 10:45:00+00:00,7.4,1.6,4.3,500,0.0,0,0.11551263928413391
USGS-01649190,2024-02-04 10:50:00+00:00,7.4,1.5,4.3,500,0.0,0,0.06967992335557938
USGS-01649190,2024-02-04 10:55:00+00:00,7.4,1.5,4.3,500,0.0,0,0.10056333243846893
USGS-01649190,2024-02-04 11:00:00+00:00,7.4,1.6,4.3,500,0.0,0,0.1864403486251831
USGS-01649190,2024-02-04 11:05:00+00:00,7.4,1.4,4.3,500,0.0,0,0.15978865325450897
USGS-01649190,2024-02-04 11:10:00+00:00,7.4,1.5,4.2,500,0.0,1,0.20105291903018951
USGS-01649190,2024-02-04 11:15:00+00:00,7.4,1.4,4.2,500,0.0,0,0.17344339191913605
USGS-01649190,2024-02-04 11:20:00+00:00,7.4,1.4,4.2,500,0.0,1,0.27760815620422363
USGS-01649190,2024-02-04 11:25:00+00:00,7.4,1.4,4.2,500,0.0,1,0.22289448976516724
USGS-01649190,2024-02-04 11:30:00+00:00,7.4,1.4,4.2,500,0.0,1,0.20850689709186554
USGS-01649190,2024-02-04 11:35:00+00:00,7.4,1.4,4.2,500,0.0,0,0.0812903568148613
USGS-01649190,2024-02-04 11:40:00+00:00,7.4,1.4,4.2,500,0.0,0,0.09201011061668396
USGS-01649190,2024-02-04 11:45:00+00:00,7.4,1.4,4.2,500,0.0,0,0.09069452434778214
USGS-01649190,2024-02-04 11:50:00+00:00,7.4,1.4,4.1,498,0.0,0,0.07550892978906631
USGS-01649190,2024-02-04 11:55:00+00:00,7.4,1.4,4.1,498,0.0,0,0.0939125120639801
USGS-01649190,2024-02-04 12:00:00+00:00,7.4,1.3,4.1,497,0.0,0,0.11862819641828537
USGS-01649190,2024-02-04 12:05:00+00:00,7.4,1.4,4.1,497,0.0,1,0.2014894336462021
USGS-01649190,2024-02-04 12:10:00+00:00,7.4,1.4,4.1,498,0.0,0,0.19973494112491608
USGS-01649190,2024-02-04 12:15:00+00:00,7.4,1.4,4.1,497,0.0,1,0.23618948459625244
USGS-01649190,2024-02-04 12:20:00+00:00,7.4,1.3,4.0,497,0.0,0,0.11788733303546906
USGS-01649190,2024-02-04 12:25:00+00:00,7.4,1.3,4.0,497,0.0,0,0.09119444340467453
USGS-01649190,2024-02-04 12:30:00+00:00,7.4,1.4,4.0,497,0.0,1,0.25957679748535156
USGS-01649190,2024-02-04 12:35:00+00:00,7.4,1.4,4.0,497,0.0,0,0.12622596323490143
USGS-01649190,2024-02-04 12:40:00+00:00,7.4,1.4,4.0,497,0.0,0,0.17350995540618896
USGS-01649190,2024-02-04 12:45:00+00:00,7.4,1.3,4.0,497,0.0,0,0.06230298802256584
USGS-01649190,2024-02-04 12:50:00+00:00,7.4,1.3,4.0,497,0.0,0,0.09422383457422256
USGS-01649190,2024-02-04 12:55:00+00:00,7.4,1.3,4.0,497,0.0,0,0.07965628802776337
USGS-01649190,2024-02-04 13:00:00+00:00,7.4,1.4,3.9,497,0.0,0,0.136567160487175
USGS-01649190,2024-02-04 13:05:00+00:00,7.4,1.4,3.9,497,0.0,0,0.17966535687446594
USGS-01649190,2024-02-04 13:10:00+00:00,7.4,1.4,3.9,497,0.0,1,0.25911056995391846
USGS-01649190,2024-02-04 13:15:00+00:00,7.4,1.4,3.9,497,0.0,0,0.1314232498407364
USGS-01649190,2024-02-04 13:20:00+00:00,7.4,1.3,3.9,497,0.0,0,0.07853240519762039
USGS-01649190,2024-02-04 13:25:00+00:00,7.4,1.3,3.9,497,0.0,0,0.08023256808519363
USGS-01649190,2024-02-04 13:30:00+00:00,7.4,1.3,3.9,497,0.0,0,0.06553575396537781
USGS-01649190,2024-02-04 13:35:00+00:00,7.4,1.4,3.9,497,0.0,0,0.15963101387023926
USGS-01649190,2024-02-04 13:40:00+00:00,7.4,1.4,3.9,497,0.0,0,0.1899937242269516
USGS-01649190,2024-02-04 13:45:00+00:00,7.4,1.4,3.9,497,0.0,1,0.24789485335350037
USGS-01649190,2024-02-04 13:50:00+00:00,7.4,1.3,3.9,497,0.0,0,0.08645898103713989
USGS-01649190,2024-02-04 13:55:00+00:00,7.4,1.4,3.9,497,0.0,1,0.23401248455047607
USGS-01649190,2024-02-04 14:00:00+00:00,7.4,1.4,3.9,497,0.0,0,0.19776447117328644
USGS-01649190,2024-02-04 14:05:00+00:00,7.4,1.3,3.9,496,0.0,0,0.10066887736320496
USGS-01649190,2024-02-04 14:10:00+00:00,7.4,1.3,3.9,496,0.0,0,0.10046997666358948
USGS-01649190,2024-02-04 14:15:00+00:00,7.4,1.4,3.9,496,0.0,1,0.2221376746892929
USGS-01649190,2024-02-04 14:20:00+00:00,7.4,1.3,3.9,496,0.0,0,0.10457821935415268
USGS-01649190,2024-02-04 14:25:00+00:00,7.4,1.3,3.9,496,0.0,0,0.08364487439393997
USGS-01649190,2024-02-04 14:30:00+00:00,7.4,1.3,3.9,496,0.0,0,0.059022922068834305
USGS-01649190,2024-02-04 14:35:00+00:00,7.4,1.3,3.9,496,0.0,0,0.03258700296282768
USGS-01649190,2024-02-04 14:40:00+00:00,7.4,1.3,3.9,496,0.0,0,0.03258700296282768
USGS-01649190,2024-02-04 14:45:00+00:00,7.4,1.3,3.9,496,0.0,0,0.03258700296282768
USGS-01649190,2024-02-04 14:50:00+00:00,7.4,1.3,4.0,496,0.0,0,0.01924065873026848
USGS-01649190,2024-02-04 14:55:00+00:00,7.4,1.3,4.0,496,0.0,0,0.022529851645231247
USGS-01649190,2024-02-04 15:00:00+00:00,7.4,1.3,4.0,496,0.0,0,0.023146260529756546
USGS-01649190,2024-02-04 15:05:00+00:00,7.4,1.2,4.0,495,0.0,0,0.03432989865541458
USGS-01649190,2024-02-04 15:10:00+00:00,7.4,1.3,4.0,495,0.0,0,0.06566692143678665
USGS-01649190,2024-02-04 15:15:00+00:00,7.4,1.3,4.0,495,0.0,0,0.04340365529060364
USGS-01649190,2024-02-04 15:20:00+00:00,7.4,1.2,4.1,495,0.0,0,0.042556460946798325
USGS-01649190,2024-02-04 15:25:00+00:00,7.4,1.3,4.1,495,0.0,0,0.0779666155576706
USGS-01649190,2024-02-04 15:30:00+00:00,7.4,1.3,4.1,495,0.0,0,0.07224616408348083
USGS-01649190,2024-02-04 15:35:00+00:00,7.4,1.3,4.1,495,0.0,0,0.0546378567814827
USGS-01649190,2024-02-04 15:40:00+00:00,7.4,1.3,4.2,495,0.0,0,0.022479481995105743
USGS-01649190,2024-02-04 15:45:00+00:00,7.5,1.3,4.2,495,0.0,0,0.030018679797649384
USGS-01649190,2024-02-04 15:50:00+00:00,7.5,1.2,4.2,494,0.0,0,0.06274941563606262
USGS-01649190,2024-02-04 15:55:00+00:00,7.5,1.2,4.2,494,1.0,0,0.052111368626356125
USGS-01649190,2024-02-04 16:00:00+00:00,7.5,1.4,4.3,494,0.0,1,0.23834626376628876
USGS-01649190,2024-02-04 16:05:00+00:00,7.5,1.3,4.3,494,0.0,1,0.20670674741268158
USGS-01649190,2024-02-04 16:10:00+00:00,7.5,1.3,4.3,494,0.0,0,0.15994893014431
USGS-01649190,2024-02-04 16:15:00+00:00,7.5,1.2,4.4,494,0.0,0,0.10262373834848404
USGS-01649190,2024-02-04 16:20:00+00:00,7.5,1.3,4.4,496,0.0,0,0.17789888381958008
USGS-01649190,2024-02-04 16:25:00+00:00,7.5,1.2,4.4,496,0.0,1,0.30155858397483826
USGS-01649190,2024-02-04 16:30:00+00:00,7.5,1.3,4.4,496,0.0,1,0.23976905643939972
USGS-01649190,2024-02-04 16:35:00+00:00,7.5,1.3,4.5,495,0.0,0,0.1929154098033905
USGS-01649190,2024-02-04 16:40:00+00:00,7.5,1.2,4.5,495,0.0,1,0.26046451926231384
USGS-01649190,2024-02-04 16:45:00+00:00,7.5,1.2,4.6,495,0.0,1,0.224571093916893
USGS-01649190,2024-02-04 16:50:00+00:00,7.5,1.2,4.6,495,0.0,0,0.18563024699687958
USGS-01649190,2024-02-04 16:55:00+00:00,7.5,1.2,4.6,495,0.0,0,0.0605296865105629
USGS-01649190,2024-02-04 17:00:00+00:00,7.5,1.2,4.7,495,0.0,0,0.03818638250231743
USGS-01649190,2024-02-04 17:05:00+00:00,7.5,1.3,4.7,495,0.0,0,0.025295818224549294
USGS-01649190,2024-02-04 17:10:00+00:00,7.5,1.2,4.7,495,0.0,0,0.05964615195989609
USGS-01649190,2024-02-04 17:15:00+00:00,7.5,1.2,4.7,495,0.0,0,0.03935970738530159
USGS-01649190,2024-02-04 17:20:00+00:00,7.5,1.2,4.8,495,0.0,0,0.04683991149067879
USGS-01649190,2024-02-04 17:25:00+00:00,7.5,1.2,4.8,494,0.0,0,0.046859972178936005
USGS-01649190,2024-02-04 17:30:00+00:00,7.5,1.2,4.8,494,0.0,0,0.06564626842737198
USGS-01649190,2024-02-04 17:35:00+00:00,7.5,1.2,4.9,494,0.0,0,0.05147827789187431
USGS-01649190,2024-02-04 17:40:00+00:00,7.5,1.2,4.9,494,0.0,0,0.06291568279266357
USGS-01649190,2024-02-04 17:45:00+00:00,7.5,1.2,5.0,494,0.0,0,0.029130244627594948
USGS-01649190,2024-02-04 17:50:00+00:00,7.5,1.3,5.0,494,0.0,0,0.033763494342565536
USGS-01649190,2024-02-04 17:55:00+00:00,7.5,1.2,5.0,494,0.0,0,0.06793934851884842
USGS-01649190,2024-02-04 18:00:00+00:00,7.5,1.2,5.0,494,0.0,0,0.03907008096575737
USGS-01649190,2024-02-04 18:05:00+00:00,7.5,1.3,5.1,493,0.0,0,0.06717824935913086
USGS-01649190,2024-02-04 18:10:00+00:00,7.5,1.3,5.1,493,0.0,0,0.06664712727069855
USGS-01649190,2024-02-04 18:15:00+00:00,7.5,1.2,5.2,493,0.0,0,0.12512913346290588
USGS-01649190,2024-02-04 18:20:00+00:00,7.5,1.2,5.1,493,0.0,0,0.14894379675388336
USGS-01649190,2024-02-04 18:25:00+00:00,7.5,1.2,5.2,493,0.0,0,0.06132854148745537
USGS-01649190,2024-02-04 18:30:00+00:00,7.5,1.2,5.3,493,0.0,0,0.03533892333507538
USGS-01649190,2024-02-04 18:35:00+00:00,7.5,1.2,5.3,493,0.0,0,0.03669065237045288
USGS-01649190,2024-02-04 18:40:00+00:00,7.5,1.3,5.3,493,0.0,0,0.03190450370311737
USGS-01649190,2024-02-04 18:45:00+00:00,7.5,1.2,5.3,492,0.0,0,0.058222007006406784
USGS-01649190,2024-02-04 18:50:00+00:00,7.5,1.2,5.3,492,0.0,0,0.03447843715548515
USGS-01649190,2024-02-04 18:55:00+00:00,7.5,1.2,5.4,492,0.0,0,0.043145984411239624
USGS-01649190,2024-02-04 19:00:00+00:00,7.5,1.3,5.4,492,0.0,0,0.06082503870129585
USGS-01649190,2024-02-04 19:05:00+00:00,7.5,1.3,5.4,492,0.0,0,0.06737431138753891
USGS-01649190,2024-02-04 19:10:00+00:00,7.5,1.2,5.4,492,0.0,0,0.05993550643324852
USGS-01649190,2024-02-04 19:15:00+00:00,7.5,1.3,5.4,492,0.0,0,0.08887793868780136
USGS-01649190,2024-02-04 19:20:00+00:00,7.5,1.2,5.5,492,0.0,0,0.050167232751846313
USGS-01649190,2024-02-04 19:25:00+00:00,7.5,1.2,5.5,492,0.0,0,0.048704035580158234
USGS-01649190,2024-02-04 19:30:00+00:00,7.5,1.2,5.5,492,0.0,0,0.06292682141065598
USGS-01649190,2024-02-04 19:35:00+00:00,7.5,1.2,5.5,492,0.0,0,0.045471396297216415
USGS-01649190,2024-02-04 19:40:00+00:00,7.5,1.3,5.5,491,0.0,0,0.04947013780474663
USGS-01649190,2024-02-04 19:45:00+00:00,7.5,1.2,5.6,491,0.0,0,0.05141075327992439
USGS-01649190,2024-02-04 19:50:00+00:00,7.5,1.2,5.6,491,0.0,0,0.04106590896844864
